0,34278.32895574899,133496.97743323902,34076.70274182179,33503.515819649794,20426.33467715743,100898.13371792626,16912.807305294806,41200.739421479615,37360.33179993304,76181.7670488928,77120.20544895704,75429.61739045552,37148.41256957302,29327.18418765353,263279.1243802917,31265.58423412902,30067.720546685203,29283.217056847683,27257.648151256704,23046.204359514104,40032.28183458685,26468.48579390502,26954.66658713155,34360.47753433224,13819545.357160626,27008.714163814293,36449.581037591044,27960.516925450193,36654.045470610894,30200.22273695245,88574.41559630934,65202.83764532285,89973.56822236833,23874.707022776878,30297.525845975153,30341.719247780227,30327.032057067994,21269.623037628997,31962.05576672897,57331.85679934217,26397.025966608715,26347.17870288353,26138.338842020294,26415.0200353567,26126.42757298529,15044.968401168115,26332.03049418045,30296.774495390164,40581.27660401801,30308.212123880723,82074.65222540004,79073.23510780973,18825.924697505638,82071.48553818777,32842.9607315634,26418.135367179682,38626.82185815867,26663.781063111954,955538.0411570037,73566.60640895924,66078.70465794511,28286.400877765875,28174.123665664756,20987.832113630273,29358.329309663986,29315.459591366987,28379.469570741294,21920.4283859061
34278.32895574899,0,109649.7755096046,24051.34126752664,17362.35970807963,25970.79737754423,133496.3601735466,28410.377162676545,41195.51376468599,28407.750229258465,41943.416462317065,87915.78706033056,85623.91287307994,18148.54427388497,39450.22107649098,263271.4818586713,25234.130928197766,26123.462101916066,25083.580614445236,28485.541010208075,16737.616725075877,21699.95404479536,30854.987223345,32191.200103902553,20207.267467029054,13819545.514219461,26659.313019907902,46069.65206721933,24367.288378949244,56687.724218353294,27013.81529240986,57420.68388291362,57836.63662455156,100035.21604754691,23634.065198478358,29105.284034959226,30789.22141734713,35869.71328315794,27700.285722632998,41813.579861012426,58814.379190957006,21827.9247818071,21664.629924474182,22927.08052730416,21648.978144332596,21621.730834187398,21641.589274124293,16401.893672855353,30323.350516667397,73170.2632654471,30311.83186600643,82083.38242006784,82085.64874074858,30299.59262462302,86293.71740254713,38503.092671458755,17778.443758964382,38819.66914138756,22093.468291380683,954464.3793595708,70695.91627610529,57643.702587080144,29880.293282037524,27173.52563965267,22908.65139225553,25226.700399027923,27425.266472161507,33182.51373101278,24220.964768467165
133496.97743323902,109649.7755096046,0,101538.96004298211,124791.50434222445,119142.32467862438,127926.62270371568,135887.91349171344,116884.43826318394,136393.79867530754,137963.2953050838,176218.3718645764,174143.6587103602,115578.42784969845,124734.61523419006,265272.057480151,116646.155265537,111427.58194030766,118723.94126711412,124855.26296421389,119604.68236358093,125768.9478708769,134304.22908478568,134857.73045751746,125274.04991484397,13821943.748609433,126286.85089135858,132826.80953621783,127859.54145586811,164065.54520771012,130034.94245723657,129791.94222710468,121013.98460897683,185140.27035997412,116282.17429223229,127451.44296412726,120018.99091608358,127161.86597716916,116315.65623460399,128857.73557185849,128864.96255993476,125065.90161733425,125474.0704547174,126413.47507631661,125123.85678333369,125070.95104961075,125356.91317925243,122037.1071981954,104531.76385407758,105641.71929883938,104885.88561594511,72987.41300177378,77306.19951421036,118365.72423060655,79876.3036939589,121957.34988748998,115514.44249969214,111176.03752684285,113822.28688208894,957572.5263825592,167138.19412631568,165048.13359944362,121929.35323015125,127294.9212983804,126218.96164744979,122330.1464917221,127471.98501782572,128510.4540655871,128319.11614523358
34076.70274182179,24051.34126752664,101538.96004298211,0,25782.558653870125,21690.187582359107,120937.95818487182,37092.327796169244,53217.20738034769,37180.20433914107,54025.62814596634,75348.81308749868,75236.14784795864,20860.816405112673,32782.32403517458,275721.6159864071,25830.93230090576,25818.60081670317,25774.119771294158,26485.95330700902,21630.741775777205,24988.549072563685,35102.31925562825,38264.111480520056,25563.524686741195,13828812.192988401,27582.358555538092,45998.60606044849,28448.22139793773,64953.3511132251,31452.440066491774,65815.81351285336,66454.10794540498,95589.27477115151,19211.485743980567,30276.4851406653,23600.4539671708,30190.314324020386,17809.096175324208,30315.808196390844,68735.02834924411,26161.76438693474,26249.46987407733,26176.737815577668,26229.511563460903,26187.37297323143,26225.514213355127,23461.0614710112,26688.39306712254,60192.17226453575,24066.81765639897,69264.32577730391,73437.65935605852,22849.440251665303,75865.38636448265,29803.07234199057,29798.46114059916,32842.30309758622,24917.833698565195,960488.5640919425,72392.03217285457,65881.36592475118,22833.198993851787,28005.05274861091,27028.723178063676,23136.296443848623,27666.090417383373,27716.001632151216,27434.02529500975
33503.515819649794,17362.35970807963,124791.50434222445,25782.558653870125,0,24501.72899384526,133404.32777797396,21935.366768969634,43648.54948681064,23432.978165701465,45660.97292523385,88358.5185709255,86059.51119415501,17418.17185581535,33621.55428297994,264106.6795251308,25190.98917748003,25207.902322214042,25042.62703115259,26579.442343734416,17186.625588540497,21407.527000398528,26389.583512755755,32621.836458276764,19086.98964905782,13823447.913903067,27030.77817838531,46229.514062747054,24810.95755422658,39334.419501173186,27464.23980742694,63753.43658528726,63001.44288337035,100416.17671745094,24086.26147013957,29548.09570603342,31255.33252191062,36351.88524407872,28181.77556765632,42298.10927448731,51646.03634419688,22257.327019016808,17697.009040335895,23398.81121453864,20631.863751922872,21500.482674648654,19475.389484443916,14259.154751541044,31818.94751968372,71798.35129931901,31203.024418856196,80291.25765938999,80298.6051188371,29420.420441088318,85041.03865697107,42529.94761196454,27514.218387931545,42723.80462156044,22515.106298755287,959488.1860765198,70368.42691755678,40300.51968694549,30366.41457153119,27646.545505323502,23378.796443558203,25708.52725051614,27908.158158244303,33668.687303823055,24705.432955022578
20426.33467715743,25970.79737754423,119142.32467862438,21690.187582359107,24501.72899384526,0,110955.31161887739,25070.74791632502,54129.72264006904,28436.894619220766,66868.07419134596,67334.51576930573,66867.11194321145,28425.88830217728,29001.02758944772,275034.9982240221,29026.28314106396,29031.33685871117,28868.465098824432,27016.15895165364,14470.347219037365,31973.7093396919,31139.53747681173,30508.797191976428,26970.114696561533,13832001.656042336,21685.003699502344,35140.765080657,19788.192804242208,49384.76502991305,22152.77215564151,79512.82734461954,69816.89369742226,83423.3960621922,20898.090774137705,26430.28731020821,26431.87061680346,26475.665314112226,20620.849624451905,27403.107302425982,66655.78014585475,21008.19212068776,20866.28553783898,20891.170683629745,20940.9374834744,20628.915165132363,10356.196833995673,21907.608223383773,22996.921226104547,47437.7091896839,22531.515231495567,69295.73024897258,69875.70764482673,20952.966252457867,72410.69841447564,27824.358862216708,25775.243155714023,43093.941015157594,29470.96249948795,965376.4731960841,74998.5298144441,57602.534826382784,22291.18047053462,22387.284244910283,17511.326183819867,21932.23899297739,21902.83420588043,22010.027715078948,18006.99461869967
100898.13371792626,133496.3601735466,127926.62270371568,120937.95818487182,133404.32777797396,110955.31161887739,0,114615.98697489455,135736.31573816537,136154.74800917233,174943.15410517744,177490.89578822607,174602.13014554456,135738.44732357853,105220.14533567264,270763.31680061575,118494.75237696117,113214.14603118188,114755.65804067862,115980.1054437138,121983.86673695347,136303.82048966765,125976.01707148731,125573.24957067463,131615.71411297028,13823466.774551235,127185.39375643994,135446.28713662951,127272.03155430482,130290.5469772152,130924.71251997302,182764.37529457253,164122.9211229451,186544.6610079072,120435.28066833665,127102.52751901805,128531.37260026019,127140.83512421414,113174.17501095445,129852.69771317918,127083.72524487408,125093.8133407145,125111.84997986935,125564.8964312311,125171.18674533596,124914.6838886007,115552.57186056464,125095.90647488851,106597.85324152016,65411.178790763784,106032.85929954417,69322.48649537795,71077.90795223277,106964.33992509052,73642.07914969524,110791.87425257645,123178.11094264552,112541.74681574882,113225.88843313287,955667.1271147116,168394.57367748133,165048.26237900733,127676.20296185568,128434.4547639894,118688.89197403404,129532.35872060167,129565.47120954514,127440.85090962794,119863.09996472516
16912.807305294806,28410.377162676545,135887.91349171344,37092.327796169244,21935.366768969634,25070.74791632502,114615.98697489455,0,38290.83699618803,23078.165009468456,60350.069957328684,88037.39623307652,85751.64684014113,27077.55060433186,28914.41110271979,260764.69836487775,24666.49492530653,27821.28880695121,22149.91484240687,28687.92293424842,20127.961192276973,24141.287282570687,26123.16363424364,32266.10333212807,26391.542283446615,13815490.757127644,27182.074294901602,47186.48727677932,24489.05968275769,34063.31571068984,27128.951502012464,71668.68072268067,72304.90534934508,100196.88982135429,28276.9550441135,29227.60645264015,30885.54865216331,35933.41734847072,25332.095484189056,41831.9440026171,46653.81498923555,21961.702365112717,19862.378202028027,23015.044624768394,22786.25517402968,21232.596772926354,19891.31096257654,18480.99515536621,32321.412042521235,53934.559036047474,32450.868466059626,84062.53418586278,81171.70116824814,22212.419705989978,84072.82575745342,31178.254731996945,27207.744484998697,37198.13612854769,26406.42141342951,950776.0723687137,69193.6698713812,50448.26133302842,29920.144828982277,27259.02263025814,22999.24422904381,25291.870579391627,27486.666093631648,33217.73478736775,24275.638284989767
41200.739421479615,41195.51376468599,116884.43826318394,53217.20738034769,43648.54948681064,54129.72264006904,135736.31573816537,38290.83699618803,0,37813.95009759462,39241.750452784865,59551.75798896323,59550.748090209265,38435.07788960452,43707.80672565972,222541.61121693396,44023.44588453821,44031.81288082931,48421.87234085932,40594.28185490119,52421.3458777006,38602.63771264309,31850.15839125976,39536.901434777734,39753.741819115065,13780097.605913248,37328.33633268976,39470.02072186349,43252.56484746153,49451.261121138516,40269.75635834321,53077.68482590991,48080.54038082009,75663.81640394242,48829.697398811295,45999.58700337285,48506.85852149454,48497.68124948193,44846.39339370458,52072.613932143184,73407.38275163979,45951.495971255084,46194.86746698321,42936.70571360115,49564.1260209629,48776.760236169386,48358.63074671701,51546.26816751236,46200.535144455826,74946.02864480406,49900.41744716541,84062.50278702364,119286.56391359314,55856.46825651227,121848.14934286596,39354.25288518018,51059.28160387027,45995.49553696339,45893.170650615335,923777.849390483,82929.13093769315,50429.00463135475,43656.87837520527,43475.71875867117,40521.48769398961,47322.393503548024,39134.71921499505,48773.88330376505,47320.22930850639
37360.33179993304,28407.750229258465,136393.79867530754,37180.20433914107,23432.978165701465,28436.894619220766,136154.74800917233,23078.165009468456,37813.95009759462,0,38889.65568974811,66181.32616186028,64481.43201449235,27137.483404971015,43715.31278782382,260261.41447163146,29737.37876519201,30341.339510856913,29581.68757858375,28287.053050679493,20159.698791908148,19458.047713759508,18207.631681479972,12751.510959208865,23642.670857071007,13815219.754604397,19125.190912653186,28596.314299708465,11167.323456106795,29592.273835558328,10594.365308640583,53070.763831976474,53546.948022618555,82537.79662564615,28436.666266490563,25376.127532765695,25370.662392105573,25388.163634667315,29557.00857996183,27508.179506617176,69068.12028627719,19885.388718479167,19849.740414466472,20356.912110220823,19851.012969061114,19908.49463134766,24778.847833705706,23631.09534731177,32781.98888089469,74947.03373598437,32958.82634823486,84076.45446503762,84083.78229786581,32310.271013993766,87942.96072591952,37086.09767029476,23606.44025233189,37490.22148000528,26404.363196632592,950758.615671181,75942.11488600426,29320.646431719244,24248.985616457332,18356.916393838954,25460.311959729122,23876.94294928233,18272.28222347112,18400.36555074612,24382.42312008215
76181.7670488928,41943.416462317065,137963.2953050838,54025.62814596634,45660.97292523385,66868.07419134596,174943.15410517744,60350.069957328684,39241.750452784865,38889.65568974811,0,48714.86761800927,46585.259136836125,39594.49662277792,79183.75354797945,221717.30418650704,58264.77724916354,66371.35909782507,65196.12158771738,62239.05684079363,53200.55746932082,40913.75068508591,50590.958589328024,49457.75809997983,43524.387676242615,13779554.300359983,53543.4573086966,41429.777631101475,48275.54300921189,46053.746738150076,46458.49139266327,28423.74815773854,27912.259294853084,64208.66773330604,58958.53589449299,55702.15113855919,55650.02038398015,55532.681944329204,66637.86590051114,55261.686834872424,84850.54076777554,53918.483326413916,53762.81836015297,53867.63075734432,53730.25849241765,53881.183357346315,62810.873454478,53778.03073266836,71099.27322234819,113127.3260150121,71536.09316733363,122380.38585358918,122387.56405497117,70738.95125520614,125965.43420600684,70754.40410912083,51900.400668921364,70457.51293437277,61905.83230172852,923741.9116879406,94635.8613154543,29330.591898652157,51519.75333091661,51232.717039715724,60739.82513857642,51488.088633945765,51476.89181589246,51312.69299690236,59482.64729413459
77120.20544895704,87915.78706033056,176218.3718645764,75348.81308749868,88358.5185709255,67334.51576930573,177490.89578822607,88037.39623307652,59551.75798896323,66181.32616186028,48714.86761800927,0,7787.715950525781,88241.62007930197,94047.3487009011,222453.0645262758,94199.51651773266,94198.11373407053,94065.45326687464,92567.24530883988,71774.41719763963,84024.96252863588,62285.792337163526,57460.00669323727,88591.78966486274,13779936.27504936,64145.83315145071,60296.966287327465,63548.55157585641,81116.55812982687,60929.88163264463,63368.79413356069,56720.16225676252,27326.42671434063,86418.0070402153,59996.017142956014,58899.30630464399,55454.43561201188,68212.05550453057,55181.878889572734,132497.22946850085,66151.4193556604,71434.95067150328,65488.750729721614,69035.76519455492,67078.48150061535,75855.82294476933,88568.68221449414,73460.57228800912,113121.86235441908,71495.88949234868,122375.53668500642,122382.71457003422,72047.00042928588,125960.39429819927,87708.060974459,74730.10357693395,70452.16206846159,65968.04722476576,923787.1700640457,141295.143902204,59600.540525900426,61631.23490494201,61459.68609601982,68448.30698087793,64166.26343014278,62339.98644844624,60147.16850707911,65879.1974770817
75429.61739045552,85623.91287307994,174143.6587103602,75236.14784795864,86059.51119415501,66867.11194321145,174602.13014554456,85751.64684014113,59550.748090209265,64481.43201449235,46585.259136836125,7787.715950525781,0,85958.57270415124,92717.7300460458,222513.73584582718,92871.18614020175,92870.45470286976,92733.96007255881,91190.1439485275,70045.14992939458,81701.33583294244,59778.309234971326,55371.844715307285,86300.93200392576,13779663.453597495,60695.597287476325,54736.755550114816,61278.82702569893,79897.26886517569,58712.77167447714,61885.79327456227,56719.3406321901,26680.6629752773,85011.14712897134,58123.766044854885,58488.349128158436,55297.515332612726,66637.07922853802,55184.67641729003,129233.03272401869,63810.84518543436,69350.39099398171,63410.317116247876,67041.7593669248,64651.799845991794,73969.35623243795,86273.54008139495,71547.2098733875,113126.24054980453,70747.78535097909,122371.23082670917,122373.80532093509,70737.93729762365,125964.32280898103,85419.31616195875,72419.40364393184,70456.20554091957,63593.560427202945,920478.8627344974,139915.92469854414,57231.58167402713,59990.9307905445,59455.800389433745,66856.16831765157,62255.200054387664,60516.72999110022,58690.72725411281,64115.768425384515
37148.41256957302,18148.54427388497,115578.42784969845,20860.816405112673,17418.17185581535,28425.88830217728,135738.44732357853,27077.55060433186,38435.07788960452,27137.483404971015,39594.49662277792,88241.62007930197,85958.57270415124,0,43710.125341865525,260912.50129157247,25181.946843785554,30336.07679524461,27646.881365734374,27570.619561692416,17057.726046214168,32254.841260882466,40919.767343489584,32445.186925831113,15317.859877668358,13815597.347484224,27045.34693962605,46435.44578099336,24693.671916268337,52632.550725505964,27330.447424044713,53071.303257804866,53551.33766690056,100414.93239170272,23672.6346821332,29432.395279796256,31077.27766948494,36105.239405342334,29550.012951233108,41970.82029410271,65402.20943188765,22171.384248713697,19615.668111161434,23202.234725763134,20379.802099743585,21446.348198561398,24769.78249624086,19611.76778135436,32333.902110359784,74934.29964150359,32318.585868801445,84064.04372198104,84071.25359180536,32298.25680773365,87929.99846269819,37071.5244863823,27415.36590999345,40617.39701423765,27210.526588869074,950825.7849358788,71664.2126734337,53425.97546161906,30075.574327377715,27444.64747778007,25457.464687919575,25464.929653969353,27657.167566731,33369.67211641402,24441.72758221621
29327.18418765353,39450.22107649098,124734.61523419006,32782.32403517458,33621.55428297994,29001.02758944772,105220.14533567264,28914.41110271979,43707.80672565972,43715.31278782382,79183.75354797945,94047.3487009011,92717.7300460458,43710.125341865525,0,263302.24892990285,30371.29670783451,19065.495603776577,27406.11480698554,23979.743917618056,31130.204385788766,48705.05795817473,40989.06272566308,38853.908134712525,43412.78558664742,13815148.445149178,41002.6963157886,58174.8608260018,34379.29292337306,41650.62814674978,39483.18772631903,96608.68853102252,69171.38986746472,111945.61588724899,28715.21562159542,36679.18534868424,37022.12963057959,38597.34158403699,31262.302825309198,39255.44480153815,60309.333265942565,31697.909561231892,29432.837094540322,32308.177810328838,28140.930884058198,33497.631779953386,31180.332395907004,28342.970034820482,31632.891123724956,49720.83934726437,30505.642970072793,71120.0954806183,78517.59590963312,31554.50494007203,81077.21560865053,49994.23462188777,37077.33663710795,49623.887212532834,32018.581145863838,946018.3800048776,82972.23509163082,69603.4732553859,33442.22237051295,36082.704442194525,27132.052214684474,33286.67106875721,34222.22764535909,34105.00582999083,31691.64321187528
263279.1243802917,263271.4818586713,265272.057480151,275721.6159864071,264106.6795251308,275034.9982240221,270763.31680061575,260764.69836487775,222541.61121693396,260261.41447163146,221717.30418650704,222453.0645262758,222513.73584582718,260912.50129157247,263302.24892990285,0,265491.92798179266,262798.46824140364,270960.05131577404,262891.6194947764,274735.57562087465,260535.08197644466,252507.2872949016,261643.7169888706,261926.48589607183,13580783.684248684,259533.49680879555,261594.49452974036,262400.505701001,232533.2860310379,262567.28033597866,217777.58093207033,217263.5920348213,214881.46166208028,269480.5600635131,266516.33661215875,269033.30603421206,268567.9299316675,266575.32524493063,269756.4254595331,222890.99312564544,267814.3848426334,268095.3412503096,265323.47445233417,268539.344585846,269900.89358606364,270180.1181078625,272963.20757828956,268553.7753696973,268603.92008781875,267366.3914849938,263189.4138352562,341819.8357916438,278378.64949144813,344379.06754996575,256729.49156262417,273572.53329507547,268457.49539214274,268032.32185965084,801582.4915140679,224868.61829347466,231609.2590712985,263401.2451148604,265366.85593273584,262373.4018498855,266753.2320346412,260369.9873531101,267559.00248283375,266741.66715249687
31265.58423412902,25234.130928197766,116646.155265537,25830.93230090576,25190.98917748003,29026.28314106396,118494.75237696117,24666.49492530653,44023.44588453821,29737.37876519201,58264.77724916354,94199.51651773266,92871.18614020175,25181.946843785554,30371.29670783451,265491.92798179266,0,21018.078290900343,15136.979214547613,28318.541567632652,24703.08466616702,30888.119095820595,41144.244018089674,39011.46060781521,25175.363760927492,13817207.93302665,41158.34658130967,58332.41161401147,34536.61162711206,51295.551057278855,39637.97218492189,73744.94679649612,58224.78981212583,112102.79155546679,28861.160798171175,36836.64519261106,37179.68678096905,38749.03759566198,31786.97401058631,43267.0349107213,60357.61361122865,31854.07251469637,29053.193353876923,32464.99140798833,28220.845368781556,33653.60911935326,23743.933570951518,27345.16709875798,25866.087230629782,59527.15864484598,30502.198082836614,67843.63044875242,76373.54334855308,28089.557409702298,78939.20034334876,36900.53865839606,36892.520685403266,36888.875159502655,32176.145416504503,946755.5204186714,69710.09419798499,52135.96468557192,33599.48259952074,36240.16744175985,29187.95079478892,33443.327076621375,34379.62064628661,34884.60318451356,30605.942659582623
30067.720546685203,26123.462101916066,111427.58194030766,25818.60081670317,25207.902322214042,29031.33685871117,113214.14603118188,27821.28880695121,44031.81288082931,30341.339510856913,66371.35909782507,94198.11373407053,92870.45470286976,30336.07679524461,19065.495603776577,262798.46824140364,21018.078290900343,0,13205.302826720635,25187.22838929462,24708.250595014568,36660.254192537475,42492.475649202024,39015.0034016102,33259.321139882384,13819738.079088949,41159.07650110564,58336.53744113218,34539.32965192294,54563.29405686519,39645.40403961304,83242.45382359454,67496.09617214964,112105.2201929485,17408.672590466133,36841.20148037413,37183.27327175356,38747.418935443704,27571.42097451889,39398.9179051246,62695.498343939544,31855.25495155683,29057.389276117912,32470.71994580146,28224.412714162583,33660.17947924408,23754.117430309772,25246.76317432157,25875.39276210344,54886.052899020004,30508.222458444707,62454.913497545655,79819.18026609004,28093.69067017138,82389.24455526113,41684.881076595186,36812.85068459856,41486.98892848796,32180.128829109843,955766.4936794712,70475.21410058599,56791.53171602125,33602.07731956373,36243.27407383751,26755.89175084276,33449.24175996225,34384.37222961136,34260.53466229482,30610.932099556394
29283.217056847683,25083.580614445236,118723.94126711412,25774.119771294158,25042.62703115259,28868.465098824432,114755.65804067862,22149.91484240687,48421.87234085932,29581.68757858375,65196.12158771738,94065.45326687464,92733.96007255881,27646.881365734374,27406.11480698554,270960.05131577404,15136.979214547613,13205.302826720635,0,25478.35502718827,24544.996480396254,34789.940413686854,40981.99051134773,38857.85752392138,26723.988411142447,13823289.305156944,41014.837835960796,58177.05642724848,34385.68505950121,45463.26138470704,39475.306482961234,80566.21999121035,60940.034489271595,111952.7980006941,16509.560975799573,36680.11238534483,37025.95241387565,38616.11328502895,27411.232982677786,39279.37545891581,60496.4682987125,31708.776507225066,28897.674633225906,32305.56023075554,28067.19056567931,33492.42842285601,23578.833465889722,25078.20653163815,25701.359045190587,53369.40674803469,30342.121925846655,67070.96581453535,73512.54772110215,27934.220135798205,76050.05183007412,37012.722296094486,28267.215888788858,36829.66338445209,32021.232136565628,954304.1160570981,70535.56619137117,55269.5229072565,33448.97863524576,36087.948999308996,26599.987059269897,33283.48329993995,34222.570651133195,34118.21930662853,30448.284114493323
27257.648151256704,28485.541010208075,124855.26296421389,26485.95330700902,26579.442343734416,27016.15895165364,115980.1054437138,28687.92293424842,40594.28185490119,28287.053050679493,62239.05684079363,92567.24530883988,91190.1439485275,27570.619561692416,23979.743917618056,262891.6194947764,28318.541567632652,25187.22838929462,25478.35502718827,0,27621.9874198626,31343.490594579533,39042.783556281975,37073.7102017856,28184.528873826253,13814158.13070367,39389.51495559033,56359.69099177257,32647.239908101168,44255.16695602597,37527.69522038854,76312.82112512611,76582.86986060103,110216.73090942367,28939.327091068266,34847.31521394639,35240.305132542744,37150.74356883446,27963.048770275647,42131.027728152556,54205.2724643143,30061.629172462824,27085.709158368136,30422.599370802855,26287.51304726616,31575.952314504157,25811.05937624062,28575.925020067774,27767.475428550853,53016.979227456126,30224.934953852153,75084.53490574165,79028.39556059349,27732.3575870693,81574.9384975138,33062.298176728036,33054.062081778175,45433.741685300134,31820.755998214154,946674.4460917045,78866.47012153464,52843.73796332752,31717.887890995553,34327.65316677093,25644.23441218974,31392.573267571428,32381.634576432745,33482.65024116456,28598.10710877369
23046.204359514104,16737.616725075877,119604.68236358093,21630.741775777205,17186.625588540497,14470.347219037365,121983.86673695347,20127.961192276973,52421.3458777006,20159.698791908148,53200.55746932082,71774.41719763963,70045.14992939458,17057.726046214168,31130.204385788766,274735.57562087465,24703.08466616702,24708.250595014568,24544.996480396254,27621.9874198626,0,26039.765506581796,32769.93257117258,24826.11897433552,20253.40352107169,13829297.110091541,19423.43847838731,36782.13841553674,16614.024446268297,46319.185867232314,17059.456244416888,66382.0002686808,66979.09442562169,87769.08260401036,16578.640012838434,20257.751579722997,20269.312715675907,20288.387927904372,23732.732634769447,28076.600676032518,62705.97614487657,13316.433676871118,16028.112596954104,13557.911459215622,13567.181768533877,12838.066977092694,12572.609968015227,17392.715378464505,19269.121300880473,61620.67847329684,19274.16022421844,70516.72217383815,70520.17059352335,19120.908946479954,74755.43805024629,30897.35757242077,23979.573448468906,37577.61005011082,23930.76117544846,960746.2085854873,70656.75815395424,47149.887465040796,18176.76593008095,19337.127332993256,17169.212699835964,18392.749633730575,18586.132724028223,18976.80543603742,15454.421956536627
40032.28183458685,21699.95404479536,125768.9478708769,24988.549072563685,21407.527000398528,31973.7093396919,136303.82048966765,24141.287282570687,38602.63771264309,19458.047713759508,40913.75068508591,84024.96252863588,81701.33583294244,32254.841260882466,48705.05795817473,260535.08197644466,30888.119095820595,36660.254192537475,34789.940413686854,31343.490594579533,26039.765506581796,0,21991.200110024747,28237.56194793708,20364.498646525015,13810475.744615225,26262.139799201785,42451.44913848293,20495.272238328067,43507.636704836106,23182.58238656933,49635.14724571494,48333.170421736024,96023.99179029767,27185.573450758664,33551.4650104875,33713.08569235258,33575.185332243,36628.34386932155,38974.94180888497,50033.524182514186,28610.188750148965,27086.482007241608,27821.24514352702,27115.924778668756,30558.62235837626,27951.865926788865,28451.128303571953,32616.068918590874,73648.92659299138,32605.00488232335,83093.9431175961,83096.91579194271,32599.184511600015,86264.81842889858,39060.43128026508,23668.058126453692,42120.84948617307,28523.766426862087,941692.2984516498,70303.25022211303,44265.51995285867,26989.058619709544,26220.149900313572,33700.29143153734,28131.596428569654,28114.984501912026,30148.85831200679,33474.54703128231
26468.48579390502,30854.987223345,134304.22908478568,35102.31925562825,26389.583512755755,31139.53747681173,125976.01707148731,26123.16363424364,31850.15839125976,18207.631681479972,50590.958589328024,62285.792337163526,59778.309234971326,40919.767343489584,40989.06272566308,252507.2872949016,41144.244018089674,42492.475649202024,40981.99051134773,39042.783556281975,32769.93257117258,21991.200110024747,0,11432.94172774239,29228.436156016873,13801707.024441568,22189.970448193402,21179.79120007743,23229.724155796164,32765.63810980104,19575.802442719785,66597.21227700426,49265.45595020693,74258.60782314118,33123.76112636443,27805.336360028676,26605.82820715457,29847.50389021043,35995.049312408555,41003.248339114,70512.84992420686,23955.884006661367,24154.987001364258,23940.532152087668,28494.372061806607,25439.516910198283,27245.662777896392,30269.109850451256,30267.706662284418,66540.57736610249,30102.274493352565,81740.45585500964,90098.4458829418,27921.875477444202,92614.70992156815,38414.826394891,27909.97455879863,38545.21512590108,25239.14756196943,934668.6979154813,85381.84257198982,40379.38975619404,24060.166610416363,23874.42962843656,28225.188144774667,30278.653184979557,23277.893115291507,33207.257358446186,28199.98206877715
26954.66658713155,32191.200103902553,134857.73045751746,38264.111480520056,32621.836458276764,30508.797191976428,125573.24957067463,32266.10333212807,39536.901434777734,12751.510959208865,49457.75809997983,57460.00669323727,55371.844715307285,32445.186925831113,38853.908134712525,261643.7169888706,39011.46060781521,39015.0034016102,38857.85752392138,37073.7102017856,24826.11897433552,28237.56194793708,11432.94172774239,0,32837.84261845391,13812345.294548448,13559.818905776805,19373.016256598003,15869.142874098554,36692.06774420091,15570.683121218126,62336.278000973994,50034.89542452646,73185.46899621209,32929.540932047305,32510.20155163874,26485.318094294846,32534.406080613462,29541.19560410903,32696.509678781214,75058.11600141338,26294.527948342457,26329.901665648373,26400.190561899784,26340.58339704137,26389.075929558014,26341.225586947916,32845.29208340531,32214.899060693,64952.15777487058,32229.680279310985,82944.58436944481,80379.73251385834,22167.024051148823,82940.15250513937,32425.371476892724,23851.59656863141,31961.92309698407,22891.244550935644,944681.0786847145,85290.64465785242,39488.01188408128,29942.86816707619,24707.221179690587,24727.126267200885,29627.073754131765,24890.289715084946,25110.622736931084,24712.266567703624
34360.47753433224,20207.267467029054,125274.04991484397,25563.524686741195,19086.98964905782,26970.114696561533,131615.71411297028,26391.542283446615,39753.741819115065,23642.670857071007,43524.387676242615,88591.78966486274,86300.93200392576,15317.859877668358,43412.78558664742,261926.48589607183,25175.363760927492,33259.321139882384,26723.988411142447,28184.528873826253,20253.40352107169,20364.498646525015,29228.436156016873,32837.84261845391,0,13812470.172419222,27320.832346573974,46564.040974313524,25043.243116157464,40021.12359631309,27687.83750837616,54301.69961537601,50370.11838732789,100701.17792227733,25494.508731112852,29781.381338695282,31453.560813322834,36504.57809715344,28613.218902749326,42384.88192333935,53833.70857259023,22505.178691238823,25132.790636178983,23585.262859866663,25677.51222246429,21795.84863940382,22895.235532229774,27512.732926071305,28529.702486647515,70458.04513207907,28521.36660890199,79758.47339533806,80060.1930647738,28513.659880174742,83282.74642933371,39202.8179296682,19487.27452693885,37504.94048219992,25244.70531533309,942936.3131154135,71354.39707816973,40877.23277591443,30484.882712742416,27829.7291438371,26529.105413008325,25863.229223580027,28057.538658379366,33780.38032344093,27624.195321326668
13819545.357160626,13819545.514219461,13821943.748609433,13828812.192988401,13823447.913903067,13832001.656042336,13823466.774551235,13815490.757127644,13780097.605913248,13815219.754604397,13779554.300359983,13779936.27504936,13779663.453597495,13815597.347484224,13815148.445149178,13580783.684248684,13817207.93302665,13819738.079088949,13823289.305156944,13814158.13070367,13829297.110091541,13810475.744615225,13801707.024441568,13812345.294548448,13812470.172419222,0,13810882.545133574,13812054.414535377,13823340.765792286,13786001.481736105,13818111.367884926,13763002.436753029,13762363.557253372,13760559.51866452,13828392.613397233,13825713.789801653,13826564.825581092,13828340.810384374,13821523.83060869,13832152.520249343,13775336.852448072,13823954.591377767,13823980.99086402,13819994.981357578,13828589.64699183,13826557.711144308,13826760.38064845,13830354.839025375,13823389.953273974,13823073.638560023,13829997.437614981,13818291.63686828,13886464.088284118,13829502.822223911,13887742.151797052,13819212.24842453,13825080.018209135,13820000.585504923,13823795.117908902,12944039.174386753,13778888.771961655,13789575.128850156,13823484.850109912,13822034.438531011,13819305.339151315,13827348.606107965,13818632.690478748,13828861.041211862,13827347.171707774
27008.714163814293,26659.313019907902,126286.85089135858,27582.358555538092,27030.77817838531,21685.003699502344,127185.39375643994,27182.074294901602,37328.33633268976,19125.190912653186,53543.4573086966,64145.83315145071,60695.597287476325,27045.34693962605,41002.6963157886,259533.49680879555,41158.34658130967,41159.07650110564,41014.837835960796,39389.51495559033,19423.43847838731,26262.139799201785,22189.970448193402,13559.818905776805,27320.832346573974,13810882.545133574,0,23248.56013491942,17023.37145598306,37782.82819033921,12464.086516204343,71405.91200659095,48522.05162652012,73398.40759344629,33179.81499913635,22457.903126727164,21121.179335059875,23279.27211141979,27487.63004775791,35096.5179041243,68537.97963611389,15563.908726564181,20457.441431107047,15661.293585504785,21533.213514498293,20327.840465071837,23232.425140182106,27264.593821305225,27457.00382375637,65687.17587504035,26658.13364262584,74655.51175365222,82418.9899497915,24531.585368122385,84963.62516108066,41984.0198961455,18701.426261280652,42031.018153030906,21329.333513656256,944020.000088604,86558.63662142697,43959.58171266626,18337.749934311752,17066.84359060254,17681.703498571398,21520.934265215532,16249.716085246608,25950.661939843176,20356.3826985068
36449.581037591044,46069.65206721933,132826.80953621783,45998.60606044849,46229.514062747054,35140.765080657,135446.28713662951,47186.48727677932,39470.02072186349,28596.314299708465,41429.777631101475,60296.966287327465,54736.755550114816,46435.44578099336,58174.8608260018,261594.49452974036,58332.41161401147,58336.53744113218,58177.05642724848,56359.69099177257,36782.13841553674,42451.44913848293,21179.79120007743,19373.016256598003,46564.040974313524,13812054.414535377,23248.56013491942,0,29433.406679391457,47035.65215703627,26067.303815451018,54078.550725283996,50046.75621805615,61906.90716551682,50194.907805741575,37235.64470788858,37155.911703706624,37302.193087774125,41955.29220165176,49064.135960953536,79782.96704774327,30619.482186694506,31356.21048353185,31577.157631655034,34028.51083739801,30711.394405782215,36635.12609986526,46466.20354574706,34175.747590464576,72583.02994110192,32661.826670690076,81774.3159321941,81776.21354935862,31172.03802949162,85531.6375017543,45913.75552923109,33849.668112957734,34738.78628721238,26158.231099064487,942780.3734844862,104200.03425574668,35915.58298981185,33708.78670304491,35258.71380139267,36973.484038903596,33358.88566696201,31228.075190957403,39453.86648053125,35702.24595967671
27960.516925450193,24367.288378949244,127859.54145586811,28448.22139793773,24810.95755422658,19788.192804242208,127272.03155430482,24489.05968275769,43252.56484746153,11167.323456106795,48275.54300921189,63548.55157585641,61278.82702569893,24693.671916268337,34379.29292337306,262400.505701001,34536.61162711206,34539.32965192294,34385.68505950121,32647.239908101168,16614.024446268297,20495.272238328067,23229.724155796164,15869.142874098554,25043.243116157464,13823340.765792286,17023.37145598306,29433.406679391457,0,37607.575178584986,12787.521050164094,63084.08851945038,61709.079075103684,77571.33764851991,26431.209279781142,18838.03735947491,18070.94159628967,21304.257475341245,23294.198937521665,34163.04807947001,69965.80564963107,12390.569760068887,12513.274716446098,12324.708116677017,15214.240442377743,13387.776975907993,15272.466865473283,25020.431635517223,24737.84167700297,67141.92003439162,24748.880694579464,76473.73518294243,82494.71176266747,24291.27924489319,85040.30859867962,35443.61226387135,16662.816161946113,35648.37344549291,22446.712613153064,955439.6001766034,81085.43111334792,38137.32146395538,15787.582008552505,14306.330965611536,15835.276354079493,17047.727755683136,13244.109115436773,24518.1392503056,14869.444616479
36654.045470610894,56687.724218353294,164065.54520771012,64953.3511132251,39334.419501173186,49384.76502991305,130290.5469772152,34063.31571068984,49451.261121138516,29592.273835558328,46053.746738150076,81116.55812982687,79897.26886517569,52632.550725505964,41650.62814674978,232533.2860310379,51295.551057278855,54563.29405686519,45463.26138470704,44255.16695602597,46319.185867232314,43507.636704836106,32765.63810980104,36692.06774420091,40021.12359631309,13786001.481736105,37782.82819033921,47035.65215703627,37607.575178584986,0,36521.45507844333,61385.667362098306,49819.0376758552,99962.69577480108,53546.84773788591,45156.52908058713,48118.249777155375,45158.364010077676,51592.52752200859,49134.45104822612,68638.93416588593,42995.264633584615,42954.25019623497,43055.96564712928,42975.487795789384,43039.7881327302,42981.55924430752,44541.35803200719,60632.72221631917,69478.04988431107,60645.546271890795,112376.78832018613,109379.4388721744,47688.22622808913,112372.38920800599,42169.74200691498,50840.47278127741,61314.69681213584,53409.70092505644,923283.477632045,69566.36231164391,49918.16078728505,48375.108134373644,40627.652518552124,41375.83922346804,47944.25938312454,40995.699223836134,44998.539737723775,42446.673367228395
30200.22273695245,27013.81529240986,130034.94245723657,31452.440066491774,27464.23980742694,22152.77215564151,130924.71251997302,27128.951502012464,40269.75635834321,10594.365308640583,46458.49139266327,60929.88163264463,58712.77167447714,27330.447424044713,39483.18772631903,262567.28033597866,39637.97218492189,39645.40403961304,39475.306482961234,37527.69522038854,17059.456244416888,23182.58238656933,19575.802442719785,15570.683121218126,27687.83750837616,13818111.367884926,12464.086516204343,26067.303815451018,12787.521050164094,36521.45507844333,0,62961.72478861166,56218.85238444016,74475.01584909631,31641.111940566672,17228.020864316957,15554.680170661524,17254.99995647273,28514.18247287205,28108.240826731988,72753.15110323201,15215.896416928117,15346.116365535543,11833.947943792546,17273.268552796977,18463.512024312156,18277.180447761366,27669.472852126255,27120.053792253148,69589.04656391066,26906.34466809901,78244.92533813564,79562.45222215015,26892.16140862522,82797.08874958812,38945.96535828692,22838.683594477065,39150.346389337254,24026.71970330772,952918.9435704987,84261.9041316768,37408.21630976511,14594.241851983159,12552.159056937691,22564.022292883226,14244.889459870368,15920.347226216196,18442.280250441938,19795.30893347925
88574.41559630934,57420.68388291362,129791.94222710468,65815.81351285336,63753.43658528726,79512.82734461954,182764.37529457253,71668.68072268067,53077.68482590991,53070.763831976474,28423.74815773854,63368.79413356069,61885.79327456227,53071.303257804866,96608.68853102252,217777.58093207033,73744.94679649612,83242.45382359454,80566.21999121035,76312.82112512611,66382.0002686808,49635.14724571494,66597.21227700426,62336.278000973994,54301.69961537601,13763002.436753029,71405.91200659095,54078.550725283996,63084.08851945038,61385.667362098306,62961.72478861166,0,33474.49219231847,81184.12909592279,74996.86301389617,75514.96354672629,75610.32285709698,75468.43141697519,82382.96857044652,75541.1557915993,75839.41600623656,72049.92243144488,71727.64314288292,72229.79393825735,71803.42410827604,71851.20790004192,77101.7680234878,71823.24984803925,82142.13351172855,121382.56910973959,82129.61623930583,131052.45788368,131055.01484280422,82124.87815315262,133268.26802667862,72660.15316698588,62422.414241793536,73427.72169585849,74079.11074387429,899630.0431572129,78051.02070995439,36259.659669403714,69752.41060667418,69846.48009373277,78262.185540829,69970.37816892046,69949.45958392131,69794.87858834714,77108.30862960656
65202.83764532285,57836.63662455156,121013.98460897683,66454.10794540498,63001.44288337035,69816.89369742226,164122.9211229451,72304.90534934508,48080.54038082009,53546.948022618555,27912.259294853084,56720.16225676252,56719.3406321901,53551.33766690056,69171.38986746472,217263.5920348213,58224.78981212583,67496.09617214964,60940.034489271595,76582.86986060103,66979.09442562169,48333.170421736024,49265.45595020693,50034.89542452646,50370.11838732789,13762363.557253372,48522.05162652012,50046.75621805615,61709.079075103684,49819.0376758552,56218.85238444016,33474.49219231847,0,72393.46221657238,67360.45503409998,65010.298929030425,64543.463918280046,67068.3117133795,59256.940084355076,73174.84587253752,78619.89028309892,61902.58083653316,61921.21420228601,57675.82435881399,66571.96116865941,64246.79477892063,64874.57285214805,72149.90777942855,62121.950149781085,103268.2318174005,68784.65611154116,112431.49644221707,128505.42375194727,67362.59105128067,130968.80003975591,73232.89641746503,62818.80235450111,61992.76026068109,61777.5936464001,899323.0903773248,86240.67305123969,47219.870922559116,61462.04201061265,60358.36829064818,57867.69943318664,66801.63939225348,57914.57719740781,69157.70746876679,66354.99779975759
89973.56822236833,100035.21604754691,185140.27035997412,95589.27477115151,100416.17671745094,83423.3960621922,186544.6610079072,100196.88982135429,75663.81640394242,82537.79662564615,64208.66773330604,27326.42671434063,26680.6629752773,100414.93239170272,111945.61588724899,214881.46166208028,112102.79155546679,112105.2201929485,111952.7980006941,110216.73090942367,87769.08260401036,96023.99179029767,74258.60782314118,73185.46899621209,100701.17792227733,13760559.51866452,73398.40759344629,61906.90716551682,77571.33764851991,99962.69577480108,74475.01584909631,81184.12909592279,72393.46221657238,0,104002.44619168439,75583.97497919627,75603.92818294985,75556.23695614982,89212.52381100337,75577.8076918724,140694.59366704023,80336.20150399758,85408.59701526494,80281.38752528506,83943.75742206903,79524.190194281,90841.50192489443,100648.36579939988,88383.49878436104,121567.60550211348,84035.60768995734,131242.7630780789,131243.0330148338,84520.00610961486,133457.36291712834,99854.89260154795,87558.17790243764,80396.8709853566,80065.41577130125,898242.7696522138,158387.83513418763,72210.06685589235,78504.90413596435,76281.63134098468,85379.92228213302,79409.73187645459,78066.15189168297,78107.57941097081,81851.47322358013
23874.707022776878,23634.065198478358,116282.17429223229,19211.485743980567,24086.26147013957,20898.090774137705,120435.28066833665,28276.9550441135,48829.697398811295,28436.666266490563,58958.53589449299,86418.0070402153,85011.14712897134,23672.6346821332,28715.21562159542,269480.5600635131,28861.160798171175,17408.672590466133,16509.560975799573,28939.327091068266,16578.640012838434,27185.573450758664,33123.76112636443,32929.540932047305,25494.508731112852,13828392.613397233,33179.81499913635,50194.907805741575,26431.209279781142,53546.84773788591,31641.111940566672,74996.86301389617,67360.45503409998,104002.44619168439,0,28700.198476887006,29048.002748455667,31053.177021124746,19429.46475793158,32024.74126596917,62785.79078370107,23847.123083252234,20915.545391589905,24358.662075147317,20090.164861860347,25593.30089906796,18426.466014115034,24020.199962329934,29123.893530209134,58468.4867762065,22410.869275079425,66730.92926236837,75700.98492020437,26153.04217829589,78230.74760053393,36919.22683671862,36176.78646986178,41892.58523445376,28524.234481413623,965535.9232097187,70712.09020757634,54320.94481560796,25499.76102959922,28120.293946115504,18630.22623064783,25345.13776777949,26245.386872458188,26326.20163961372,22476.124266143353
30297.525845975153,29105.284034959226,127451.44296412726,30276.4851406653,29548.09570603342,26430.28731020821,127102.52751901805,29227.60645264015,45999.58700337285,25376.127532765695,55702.15113855919,59996.017142956014,58123.766044854885,29432.395279796256,36679.18534868424,266516.33661215875,36836.64519261106,36841.20148037413,36680.11238534483,34847.31521394639,20257.751579722997,33551.4650104875,27805.336360028676,32510.20155163874,29781.381338695282,13825713.789801653,22457.903126727164,37235.64470788858,18838.03735947491,45156.52908058713,17228.020864316957,75514.96354672629,65010.298929030425,75583.97497919627,28700.198476887006,0,13325.251998002286,11173.692724257784,18489.916066498066,21729.774992069804,74546.92527848847,11485.0147729803,12955.630352094817,11480.865176111804,13470.869785485462,12009.378952826864,20448.002248687666,29758.10110746293,31526.87882221779,70485.46524309684,31533.7220315108,78064.21411294154,78054.43277351087,31487.144007260533,83647.90231164187,50544.43574672751,29019.763087801624,50568.516034463726,36948.793580336736,962468.2054156013,82816.9907093629,45754.55531273104,9197.093635642637,10129.927087658512,11823.721591139574,8666.669448569679,12086.054980946396,13089.196097022372,9504.638359658873
30341.719247780227,30789.22141734713,120018.99091608358,23600.4539671708,31255.33252191062,26431.87061680346,128531.37260026019,30885.54865216331,48506.85852149454,25370.662392105573,55650.02038398015,58899.30630464399,58488.349128158436,31077.27766948494,37022.12963057959,269033.30603421206,37179.68678096905,37183.27327175356,37025.95241387565,35240.305132542744,20269.312715675907,33713.08569235258,26605.82820715457,26485.318094294846,31453.560813322834,13826564.825581092,21121.179335059875,37155.911703706624,18070.94159628967,48118.249777155375,15554.680170661524,75610.32285709698,64543.463918280046,75603.92818294985,29048.002748455667,13325.251998002286,0,13355.849876474644,18486.042447127045,18337.132306071548,76969.68979611412,10384.490832703257,13883.794696932238,13147.28618782663,12330.144974088653,12399.798895842181,20514.75970873747,31447.532672691763,31566.67967406857,70479.38807461949,31572.465418596126,78047.0199732892,78054.60091587302,31488.158604066623,83641.4584393294,50552.933602573336,32063.10684280554,50575.635660156615,24251.949942069168,961262.708961278,83467.91314040305,48943.42280492667,9581.733376954358,9387.140433914397,12796.024711215548,7808.2113959463995,10637.570654884285,9276.482703165153,9886.863214376095
30327.032057067994,35869.71328315794,127161.86597716916,30190.314324020386,36351.88524407872,26475.665314112226,127140.83512421414,35933.41734847072,48497.68124948193,25388.163634667315,55532.681944329204,55454.43561201188,55297.515332612726,36105.239405342334,38597.34158403699,268567.9299316675,38749.03759566198,38747.418935443704,38616.11328502895,37150.74356883446,20288.387927904372,33575.185332243,29847.50389021043,32534.406080613462,36504.57809715344,13828340.810384374,23279.27211141979,37302.193087774125,21304.257475341245,45158.364010077676,17254.99995647273,75468.43141697519,67068.3117133795,75556.23695614982,31053.177021124746,11173.692724257784,13355.849876474644,0,18537.35539452377,13064.087004248739,82512.07452338014,17082.110932255862,18671.766761099687,15202.057198408214,19226.0717386376,18655.903419432303,21881.07926307527,36518.8642039047,31555.454285756325,70532.59632960848,31557.516228473472,78089.02995619981,78086.81430718594,31532.916629916086,83691.17172578836,50581.38286878153,37775.53573692348,50604.81666668275,36977.80228127389,964339.7447388154,85855.84109682326,45755.71155477091,9509.489400377533,9843.821547680289,14936.294219403882,10644.462717295317,10309.964844020906,7803.592883810788,12084.196691339439
21269.623037628997,27700.285722632998,116315.65623460399,17809.096175324208,28181.77556765632,20620.849624451905,113174.17501095445,25332.095484189056,44846.39339370458,29557.00857996183,66637.86590051114,68212.05550453057,66637.07922853802,29550.012951233108,31262.302825309198,266575.32524493063,31786.97401058631,27571.42097451889,27411.232982677786,27963.048770275647,23732.732634769447,36628.34386932155,35995.049312408555,29541.19560410903,28613.218902749326,13821523.83060869,27487.63004775791,41955.29220165176,23294.198937521665,51592.52752200859,28514.18247287205,82382.96857044652,59256.940084355076,89212.52381100337,19429.46475793158,18489.916066498066,18486.042447127045,18537.35539452377,0,21282.63598684048,70475.84545536031,20665.72209994001,22410.454296453994,22202.51821872116,16851.678430935302,22530.701555102638,22198.022395092456,24414.4380225355,26646.501506209035,52176.69299211021,18894.217140789577,64674.07145626676,79861.50031124048,25812.365744208906,82380.89422806667,37869.327268638604,32763.14635356593,38320.37636640156,24862.89379130484,955357.2573881135,73795.67856744534,57095.95197239129,19608.20002141525,17021.649902145524,21039.05937308061,18933.311253018317,18834.7674706152,20281.5220917544,18735.960656782874
31962.05576672897,41813.579861012426,128857.73557185849,30315.808196390844,42298.10927448731,27403.107302425982,129852.69771317918,41831.9440026171,52072.613932143184,27508.179506617176,55261.686834872424,55181.878889572734,55184.67641729003,41970.82029410271,39255.44480153815,269756.4254595331,43267.0349107213,39398.9179051246,39279.37545891581,42131.027728152556,28076.600676032518,38974.94180888497,41003.248339114,32696.509678781214,42384.88192333935,13832152.520249343,35096.5179041243,49064.135960953536,34163.04807947001,49134.45104822612,28108.240826731988,75541.1557915993,73174.84587253752,75577.8076918724,32024.74126596917,21729.774992069804,18337.132306071548,13064.087004248739,21282.63598684048,0,88308.38477592148,27270.704849085167,29084.18801275309,25715.956400947314,29062.07321497169,30054.22599765653,31533.030734298252,42425.41034950719,38477.80993891338,70545.67851054827,33959.07179583063,78093.43087547709,78097.44803006557,39301.32303940351,83703.65209833943,50611.29432983122,50354.49749918826,50634.54893189522,36937.77763444721,972339.4376952464,86454.8870257172,45743.52718938329,20081.854215722607,19859.72516561499,27044.492528736428,18030.989903852067,22372.969611289594,9667.776284249283,23079.132399373586
57331.85679934217,58814.379190957006,128864.96255993476,68735.02834924411,51646.03634419688,66655.78014585475,127083.72524487408,46653.81498923555,73407.38275163979,69068.12028627719,84850.54076777554,132497.22946850085,129233.03272401869,65402.20943188765,60309.333265942565,222890.99312564544,60357.61361122865,62695.498343939544,60496.4682987125,54205.2724643143,62705.97614487657,50033.524182514186,70512.84992420686,75058.11600141338,53833.70857259023,13775336.852448072,68537.97963611389,79782.96704774327,69965.80564963107,68638.93416588593,72753.15110323201,75839.41600623656,78619.89028309892,140694.59366704023,62785.79078370107,74546.92527848847,76969.68979611412,82512.07452338014,70475.84545536031,88308.38477592148,0,67098.83784799879,63841.88299829339,69340.56132586191,66712.02238109718,65928.01027116933,61740.89653051448,55040.93786857993,61868.63979978115,70479.27468949027,61089.60538664538,78087.67287750948,119551.65720984407,60533.61234365612,122082.65421057877,50609.615122020405,58585.4413405674,66654.97303357582,67127.45582186508,915797.7868658404,57850.01130482508,73384.92543407994,76567.71227361244,73590.98745209358,69003.31734471576,71872.74375157704,74090.65883230208,79826.85055257102,70913.73225834132
26397.025966608715,21827.9247818071,125065.90161733425,26161.76438693474,22257.327019016808,21008.19212068776,125093.8133407145,21961.702365112717,45951.495971255084,19885.388718479167,53918.483326413916,66151.4193556604,63810.84518543436,22171.384248713697,31697.909561231892,267814.3848426334,31854.07251469637,31855.25495155683,31708.776507225066,30061.629172462824,13316.433676871118,28610.188750148965,23955.884006661367,26294.527948342457,22505.178691238823,13823954.591377767,15563.908726564181,30619.482186694506,12390.569760068887,42995.264633584615,15215.896416928117,72049.92243144488,61902.58083653316,80336.20150399758,23847.123083252234,11485.0147729803,10384.490832703257,17082.110932255862,20665.72209994001,27270.704849085167,67098.83784799879,0,10175.53361878897,8403.929180834866,11897.857914446382,10989.439275412578,14965.136087188932,22474.10866627329,26143.586517034346,66978.15751721144,26155.908824620754,75019.69382686219,75023.55426419311,26138.890500650537,80220.93202669395,43771.1292828459,23955.082547253867,43820.83863887526,30100.6490718584,958534.12597856,78357.57411208798,43743.57973603933,12161.551188296606,12481.519463528293,12700.025825803017,12687.360735184662,12248.467422372323,18612.709989151925,11130.590327016249
26347.17870288353,21664.629924474182,125474.0704547174,26249.46987407733,17697.009040335895,20866.28553783898,125111.84997986935,19862.378202028027,46194.86746698321,19849.740414466472,53762.81836015297,71434.95067150328,69350.39099398171,19615.668111161434,29432.837094540322,268095.3412503096,29053.193353876923,29057.389276117912,28897.674633225906,27085.709158368136,16028.112596954104,27086.482007241608,24154.987001364258,26329.901665648373,25132.790636178983,13823980.99086402,20457.441431107047,31356.21048353185,12513.274716446098,42954.25019623497,15346.116365535543,71727.64314288292,61921.21420228601,85408.59701526494,20915.545391589905,12955.630352094817,13883.794696932238,18671.766761099687,22410.454296453994,29084.18801275309,63841.88299829339,10175.53361878897,0,14058.155442724214,11908.922284710465,9911.818134226076,14830.947291604558,17869.718271318798,26175.693495699263,66928.00865474419,26180.182041248194,75071.18874621978,74997.34890327688,25996.688477100735,80172.85391669921,43505.893425095215,21416.978790159777,43768.91582512429,30189.747754141463,957975.162942226,73479.1689556806,43684.754167213,16729.605040729057,12520.780442418973,14229.181701027324,15080.969547654977,12036.909146627955,19472.092140845085,12843.318927475777
26138.338842020294,22927.08052730416,126413.47507631661,26176.737815577668,23398.81121453864,20891.170683629745,125564.8964312311,23015.044624768394,42936.70571360115,20356.912110220823,53867.63075734432,65488.750729721614,63410.317116247876,23202.234725763134,32308.177810328838,265323.47445233417,32464.99140798833,32470.71994580146,32305.56023075554,30422.599370802855,13557.911459215622,27821.24514352702,23940.532152087668,26400.190561899784,23585.262859866663,13819994.981357578,15661.293585504785,31577.157631655034,12324.708116677017,43055.96564712928,11833.947943792546,72229.79393825735,57675.82435881399,80281.38752528506,24358.662075147317,11480.865176111804,13147.28618782663,15202.057198408214,22202.51821872116,25715.956400947314,69340.56132586191,8403.929180834866,14058.155442724214,0,16173.530553144863,15566.14264200587,15548.131969697959,23584.574528076304,26126.34896109749,66716.38963681285,26130.788352089032,74990.32355509333,76735.64469908935,26020.68005783231,79956.01827848704,43910.26541758974,25283.825153306647,43951.409846568255,30186.74466374,953404.6126317842,78106.73420908576,44212.690589454134,11837.393959887127,10682.159330633478,13002.907437159549,12060.554749066148,12025.906819541988,17033.70148501369,12799.021277420674
26415.0200353567,21648.978144332596,125123.85678333369,26229.511563460903,20631.863751922872,20940.9374834744,125171.18674533596,22786.25517402968,49564.1260209629,19851.012969061114,53730.25849241765,69035.76519455492,67041.7593669248,20379.802099743585,28140.930884058198,268539.344585846,28220.845368781556,28224.412714162583,28067.19056567931,26287.51304726616,13567.181768533877,27115.924778668756,28494.372061806607,26340.58339704137,25677.51222246429,13828589.64699183,21533.213514498293,34028.51083739801,15214.240442377743,42975.487795789384,17273.268552796977,71803.42410827604,66571.96116865941,83943.75742206903,20090.164861860347,13470.869785485462,12330.144974088653,19226.0717386376,16851.678430935302,29062.07321497169,66712.02238109718,11897.857914446382,11908.922284710465,16173.530553144863,0,13544.744244105466,15418.17273789878,20796.120003158587,26159.56937773298,66995.98630987256,26164.049132173466,75058.76839289042,78122.70139626242,26071.36528033354,80631.24348383851,43575.38194131879,24018.857287165574,43762.76276524501,30182.806798704034,963114.2350345792,74638.50105548189,43703.7339725005,12721.909170487676,12449.55989078962,12703.97425623097,13960.836109409383,14696.069435198659,20392.316130094452,12765.257809172426
26126.42757298529,21621.730834187398,125070.95104961075,26187.37297323143,21500.482674648654,20628.915165132363,124914.6838886007,21232.596772926354,48776.760236169386,19908.49463134766,53881.183357346315,67078.48150061535,64651.799845991794,21446.348198561398,33497.631779953386,269900.89358606364,33653.60911935326,33660.17947924408,33492.42842285601,31575.952314504157,12838.066977092694,30558.62235837626,25439.516910198283,26389.075929558014,21795.84863940382,13826557.711144308,20327.840465071837,30711.394405782215,13387.776975907993,43039.7881327302,18463.512024312156,71851.20790004192,64246.79477892063,79524.190194281,25593.30089906796,12009.378952826864,12399.798895842181,18655.903419432303,22530.701555102638,30054.22599765653,65928.01027116933,10989.439275412578,9911.818134226076,15566.14264200587,13544.744244105466,0,14594.217476927652,21723.700489838022,26134.555577581494,66706.76556106286,26139.000354524764,75002.99090313753,74783.48520818309,25759.276221955388,79952.15960217924,43293.99318826738,20637.340937832654,43766.995009861566,30188.338499396563,959711.0787745581,78907.57620268168,43767.63859256649,13269.022638355407,12940.85619803268,12586.409193170084,13419.405134040937,13282.733369085594,21004.178493725765,11755.524083457909
15044.968401168115,21641.589274124293,125356.91317925243,26225.514213355127,19475.389484443916,10356.196833995673,115552.57186056464,19891.31096257654,48358.63074671701,24778.847833705706,62810.873454478,75855.82294476933,73969.35623243795,24769.78249624086,31180.332395907004,270180.1181078625,23743.933570951518,23754.117430309772,23578.833465889722,25811.05937624062,12572.609968015227,27951.865926788865,27245.662777896392,26341.225586947916,22895.235532229774,13826760.38064845,23232.425140182106,36635.12609986526,15272.466865473283,42981.55924430752,18277.180447761366,77101.7680234878,64874.57285214805,90841.50192489443,18426.466014115034,20448.002248687666,20514.75970873747,21881.07926307527,22198.022395092456,31533.030734298252,61740.89653051448,14965.136087188932,14830.947291604558,15548.131969697959,15418.17273789878,14594.217476927652,0,15870.731990598711,26156.34560242179,52805.22633241596,26160.823597160103,75043.8430559988,72612.9144624352,21066.125696321207,75180.91324722179,32076.750673371625,22761.37800741321,43790.92251809806,30181.026684835484,961913.2383446961,71218.11367441666,53389.79046973427,21322.445097339925,19985.203629892156,12675.818175845348,19154.6291432228,18991.814884959887,22734.943904519587,14415.275264545706
26332.03049418045,16401.893672855353,122037.1071981954,23461.0614710112,14259.154751541044,21907.608223383773,125095.90647488851,18480.99515536621,51546.26816751236,23631.09534731177,53778.03073266836,88568.68221449414,86273.54008139495,19611.76778135436,28342.970034820482,272963.20757828956,27345.16709875798,25246.76317432157,25078.20653163815,28575.925020067774,17392.715378464505,28451.128303571953,30269.109850451256,32845.29208340531,27512.732926071305,13830354.839025375,27264.593821305225,46466.20354574706,25020.431635517223,44541.35803200719,27669.472852126255,71823.24984803925,72149.90777942855,100648.36579939988,24020.199962329934,29758.10110746293,31447.532672691763,36518.8642039047,24414.4380225355,42425.41034950719,55040.93786857993,22474.10866627329,17869.718271318798,23584.574528076304,20796.120003158587,21723.700489838022,15870.731990598711,0,25988.797415072364,66912.88467990798,26000.8862931226,74977.99950613591,74981.85142183365,25983.92141394703,80157.69581260513,43499.9832103394,32436.15496110407,43552.50941775764,22735.170038933895,964574.8607991731,72102.4917916286,44508.964173723165,30513.115238230504,27830.58775107507,23566.52286416124,25876.538669241167,28073.13081924643,33811.31604788738,24864.76887770999
30296.774495390164,30323.350516667397,104531.76385407758,26688.39306712254,31818.94751968372,22996.921226104547,106597.85324152016,32321.412042521235,46200.535144455826,32781.98888089469,71099.27322234819,73460.57228800912,71547.2098733875,32333.902110359784,31632.891123724956,268553.7753696973,25866.087230629782,25875.39276210344,25701.359045190587,27767.475428550853,19269.121300880473,32616.068918590874,30267.706662284418,32214.899060693,28529.702486647515,13823389.953273974,27457.00382375637,34175.747590464576,24737.84167700297,60632.72221631917,27120.053792253148,82142.13351172855,62121.950149781085,88383.49878436104,29123.893530209134,31526.87882221779,31566.67967406857,31555.454285756325,26646.501506209035,38477.80993891338,61868.63979978115,26143.586517034346,26175.693495699263,26126.34896109749,26159.56937773298,26134.555577581494,26156.34560242179,25988.797415072364,0,42861.1664296047,18896.542495750375,51820.0895682691,73573.11016002043,14574.89579924365,76143.84854106733,25108.53083322636,20181.974052597507,25103.742899823646,14727.362690734746,957038.6859786309,71171.83630748163,61647.041744644484,30256.00574228366,30095.812933288245,26444.63429322622,31458.174485772117,31447.704522842545,31620.049606198143,32002.765255325412
40581.27660401801,73170.2632654471,105641.71929883938,60192.17226453575,71798.35129931901,47437.7091896839,65411.178790763784,53934.559036047474,74946.02864480406,74947.03373598437,113127.3260150121,113121.86235441908,113126.24054980453,74934.29964150359,49720.83934726437,268603.92008781875,59527.15864484598,54886.052899020004,53369.40674803469,53016.979227456126,61620.67847329684,73648.92659299138,66540.57736610249,64952.15777487058,70458.04513207907,13823073.638560023,65687.17587504035,72583.02994110192,67141.92003439162,69478.04988431107,69589.04656391066,121382.56910973959,103268.2318174005,121567.60550211348,58468.4867762065,70485.46524309684,70479.38807461949,70532.59632960848,52176.69299211021,70545.67851054827,70479.27468949027,66978.15751721144,66928.00865474419,66716.38963681285,66995.98630987256,66706.76556106286,52805.22633241596,66912.88467990798,42861.1664296047,0,42861.193987807295,51795.30553095196,74845.49832876482,42873.662905672616,77393.16724437418,50208.56216652021,61865.76463957178,49412.15337013305,52945.21494246968,953682.9698622534,104218.56786724784,104213.8248681654,68766.832460919,68744.41741907729,61336.11037599359,68308.37962914072,68294.81629680782,68428.71415928123,62354.3961567691
30308.212123880723,30311.83186600643,104885.88561594511,24066.81765639897,31203.024418856196,22531.515231495567,106032.85929954417,32450.868466059626,49900.41744716541,32958.82634823486,71536.09316733363,71495.88949234868,70747.78535097909,32318.585868801445,30505.642970072793,267366.3914849938,30502.198082836614,30508.222458444707,30342.121925846655,30224.934953852153,19274.16022421844,32605.00488232335,30102.274493352565,32229.680279310985,28521.36660890199,13829997.437614981,26658.13364262584,32661.826670690076,24748.880694579464,60645.546271890795,26906.34466809901,82129.61623930583,68784.65611154116,84035.60768995734,22410.869275079425,31533.7220315108,31572.465418596126,31557.516228473472,18894.217140789577,33959.07179583063,61089.60538664538,26155.908824620754,26180.182041248194,26130.788352089032,26164.049132173466,26139.000354524764,26160.823597160103,26000.8862931226,18896.542495750375,42861.193987807295,0,51811.3141440765,80006.28496861423,18329.093348438113,82509.9143448313,25082.87374841761,20162.179051483366,25116.734246321088,15092.827880146633,960085.3670834561,75415.23092592109,61632.04737209751,27552.404069794735,27524.049238824577,26450.11640320028,28730.937644322174,29190.913874621598,29209.992941999117,28792.197440647415
82074.65222540004,82083.38242006784,72987.41300177378,69264.32577730391,80291.25765938999,69295.73024897258,69322.48649537795,84062.53418586278,84062.50278702364,84076.45446503762,122380.38585358918,122375.53668500642,122371.23082670917,84064.04372198104,71120.0954806183,263189.4138352562,67843.63044875242,62454.913497545655,67070.96581453535,75084.53490574165,70516.72217383815,83093.9431175961,81740.45585500964,82944.58436944481,79758.47339533806,13818291.63686828,74655.51175365222,81774.3159321941,76473.73518294243,112376.78832018613,78244.92533813564,131052.45788368,112431.49644221707,131242.7630780789,66730.92926236837,78064.21411294154,78047.0199732892,78089.02995619981,64674.07145626676,78093.43087547709,78087.67287750948,75019.69382686219,75071.18874621978,74990.32355509333,75058.76839289042,75002.99090313753,75043.8430559988,74977.99950613591,51820.0895682691,51795.30553095196,51811.3141440765,0,78858.84671656459,64767.35626626937,81428.79661409248,70210.47567016547,71153.68840437822,59961.19535354429,61781.475131242936,953453.2905047415,113385.15021128349,113379.95886209139,76927.36457672728,76917.0539732408,75941.97759361389,76440.47258179283,76571.03332627089,76571.7319120175,76125.06681403969
79073.23510780973,82085.64874074858,77306.19951421036,73437.65935605852,80298.6051188371,69875.70764482673,71077.90795223277,81171.70116824814,119286.56391359314,84083.78229786581,122387.56405497117,122382.71457003422,122373.80532093509,84071.25359180536,78517.59590963312,341819.8357916438,76373.54334855308,79819.18026609004,73512.54772110215,79028.39556059349,70520.17059352335,83096.91579194271,90098.4458829418,80379.73251385834,80060.1930647738,13886464.088284118,82418.9899497915,81776.21354935862,82494.71176266747,109379.4388721744,79562.45222215015,131055.01484280422,128505.42375194727,131243.0330148338,75700.98492020437,78054.43277351087,78054.60091587302,78086.81430718594,79861.50031124048,78097.44803006557,119551.65720984407,75023.55426419311,74997.34890327688,76735.64469908935,78122.70139626242,74783.48520818309,72612.9144624352,74981.85142183365,73573.11016002043,74845.49832876482,80006.28496861423,78858.84671656459,0,63441.671872932784,7800.578564946886,88840.33810336872,71160.77414468862,73384.50045662062,74341.33589938915,1002917.8155008301,117193.62781378267,113386.7116360832,81071.31421077237,79414.10823712168,80170.06176604006,78347.09757497905,82633.96455084375,78285.50973440624,79916.26312694473
18825.924697505638,30299.59262462302,118365.72423060655,22849.440251665303,29420.420441088318,20952.966252457867,106964.33992509052,22212.419705989978,55856.46825651227,32310.271013993766,70738.95125520614,72047.00042928588,70737.93729762365,32298.25680773365,31554.50494007203,278378.64949144813,28089.557409702298,28093.69067017138,27934.220135798205,27732.3575870693,19120.908946479954,32599.184511600015,27921.875477444202,22167.024051148823,28513.659880174742,13829502.822223911,24531.585368122385,31172.03802949162,24291.27924489319,47688.22622808913,26892.16140862522,82124.87815315262,67362.59105128067,84520.00610961486,26153.04217829589,31487.144007260533,31488.158604066623,31532.916629916086,25812.365744208906,39301.32303940351,60533.61234365612,26138.890500650537,25996.688477100735,26020.68005783231,26071.36528033354,25759.276221955388,21066.125696321207,25983.92141394703,14574.89579924365,42873.662905672616,18329.093348438113,64767.35626626937,63441.671872932784,0,66000.42364854476,26815.80759910437,19939.892054474312,24718.878839000183,15667.102092711179,956633.4557794383,74360.33213866722,61611.32349539931,27404.149156627213,27507.36074129895,22451.936296292486,27052.14796086245,27021.93407460496,29803.525562986,27967.391283997727
82071.48553818777,86293.71740254713,79876.3036939589,75865.38636448265,85041.03865697107,72410.69841447564,73642.07914969524,84072.82575745342,121848.14934286596,87942.96072591952,125965.43420600684,125960.39429819927,125964.32280898103,87929.99846269819,81077.21560865053,344379.06754996575,78939.20034334876,82389.24455526113,76050.05183007412,81574.9384975138,74755.43805024629,86264.81842889858,92614.70992156815,82940.15250513937,83282.74642933371,13887742.151797052,84963.62516108066,85531.6375017543,85040.30859867962,112372.38920800599,82797.08874958812,133268.26802667862,130968.80003975591,133457.36291712834,78230.74760053393,83647.90231164187,83641.4584393294,83691.17172578836,82380.89422806667,83703.65209833943,122082.65421057877,80220.93202669395,80172.85391669921,79956.01827848704,80631.24348383851,79952.15960217924,75180.91324722179,80157.69581260513,76143.84854106733,77393.16724437418,82509.9143448313,81428.79661409248,7800.578564946886,66000.42364854476,0,91381.26034391866,74741.7872679112,75938.26289767904,76912.18504102458,1002375.7226891217,119737.02136948229,117152.52848501365,83621.85818409952,81993.50109391248,82740.51011899236,81558.00350324438,85201.6788979119,81678.91252592356,82420.33487153034
32842.9607315634,38503.092671458755,121957.34988748998,29803.07234199057,42529.94761196454,27824.358862216708,110791.87425257645,31178.254731996945,39354.25288518018,37086.09767029476,70754.40410912083,87708.060974459,85419.31616195875,37071.5244863823,49994.23462188777,256729.49156262417,36900.53865839606,41684.881076595186,37012.722296094486,33062.298176728036,30897.35757242077,39060.43128026508,38414.826394891,32425.371476892724,39202.8179296682,13819212.24842453,41984.0198961455,45913.75552923109,35443.61226387135,42169.74200691498,38945.96535828692,72660.15316698588,73232.89641746503,99854.89260154795,36919.22683671862,50544.43574672751,50552.933602573336,50581.38286878153,37869.327268638604,50611.29432983122,50609.615122020405,43771.1292828459,43505.893425095215,43910.26541758974,43575.38194131879,43293.99318826738,32076.750673371625,43499.9832103394,25108.53083322636,50208.56216652021,25082.87374841761,70210.47567016547,88840.33810336872,26815.80759910437,91381.26034391866,0,25295.407049862155,26816.940409851006,27795.576959157308,951392.0286037067,75991.02459391208,62488.16340598087,43797.4940638885,44128.741076837156,43291.63118314916,43735.58183614756,43679.45083523059,43705.34850711849,43294.73910137063
26418.135367179682,17778.443758964382,115514.44249969214,29798.46114059916,27514.218387931545,25775.243155714023,123178.11094264552,27207.744484998697,51059.28160387027,23606.44025233189,51900.400668921364,74730.10357693395,72419.40364393184,27415.36590999345,37077.33663710795,273572.53329507547,36892.520685403266,36812.85068459856,28267.215888788858,33054.062081778175,23979.573448468906,23668.058126453692,27909.97455879863,23851.59656863141,19487.27452693885,13825080.018209135,18701.426261280652,33849.668112957734,16662.816161946113,50840.47278127741,22838.683594477065,62422.414241793536,62818.80235450111,87558.17790243764,36176.78646986178,29019.763087801624,32063.10684280554,37775.53573692348,32763.14635356593,50354.49749918826,58585.4413405674,23955.082547253867,21416.978790159777,25283.825153306647,24018.857287165574,20637.340937832654,22761.37800741321,32436.15496110407,20181.974052597507,61865.76463957178,20162.179051483366,71153.68840437822,71160.77414468862,19939.892054474312,74741.7872679112,25295.407049862155,0,27726.28151046172,14222.199613309347,951369.7645273762,70854.00446170797,51791.34727363449,30298.442765385917,30544.833929474895,23586.191247518007,33033.97264775617,28665.09944836921,40826.57761390165,27574.70365282654
38626.82185815867,38819.66914138756,111176.03752684285,32842.30309758622,42723.80462156044,43093.941015157594,112541.74681574882,37198.13612854769,45995.49553696339,37490.22148000528,70457.51293437277,70452.16206846159,70456.20554091957,40617.39701423765,49623.887212532834,268457.49539214274,36888.875159502655,41486.98892848796,36829.66338445209,45433.741685300134,37577.61005011082,42120.84948617307,38545.21512590108,31961.92309698407,37504.94048219992,13820000.585504923,42031.018153030906,34738.78628721238,35648.37344549291,61314.69681213584,39150.346389337254,73427.72169585849,61992.76026068109,80396.8709853566,41892.58523445376,50568.516034463726,50575.635660156615,50604.81666668275,38320.37636640156,50634.54893189522,66654.97303357582,43820.83863887526,43768.91582512429,43951.409846568255,43762.76276524501,43766.995009861566,43790.92251809806,43552.50941775764,25103.742899823646,49412.15337013305,25116.734246321088,59961.19535354429,73384.50045662062,24718.878839000183,75938.26289767904,26816.940409851006,27726.28151046172,0,27699.975766181622,951399.8204691563,78062.73225725131,63033.09596662054,43890.60243794314,44215.642143453144,43216.14465479953,43818.40795910366,43762.89230858098,43791.659520479574,43242.44675585893
26663.781063111954,22093.468291380683,113822.28688208894,24917.833698565195,22515.106298755287,29470.96249948795,113225.88843313287,26406.42141342951,45893.170650615335,26404.363196632592,61905.83230172852,65968.04722476576,63593.560427202945,27210.526588869074,32018.581145863838,268032.32185965084,32176.145416504503,32180.128829109843,32021.232136565628,31820.755998214154,23930.76117544846,28523.766426862087,25239.14756196943,22891.244550935644,25244.70531533309,13823795.117908902,21329.333513656256,26158.231099064487,22446.712613153064,53409.70092505644,24026.71970330772,74079.11074387429,61777.5936464001,80065.41577130125,28524.234481413623,36948.793580336736,24251.949942069168,36977.80228127389,24862.89379130484,36937.77763444721,67127.45582186508,30100.6490718584,30189.747754141463,30186.74466374,30182.806798704034,30188.338499396563,30181.026684835484,22735.170038933895,14727.362690734746,52945.21494246968,15092.827880146633,61781.475131242936,74341.33589938915,15667.102092711179,76912.18504102458,27795.576959157308,14222.199613309347,27699.975766181622,0,956482.0933658744,78418.31563147387,54468.67530061882,29726.321086496548,30324.513873255284,29599.719808119466,29713.81881149776,30204.685752710597,30213.245467941793,29734.570784822365
955538.0411570037,954464.3793595708,957572.5263825592,960488.5640919425,959488.1860765198,965376.4731960841,955667.1271147116,950776.0723687137,923777.849390483,950758.615671181,923741.9116879406,923787.1700640457,920478.8627344974,950825.7849358788,946018.3800048776,801582.4915140679,946755.5204186714,955766.4936794712,954304.1160570981,946674.4460917045,960746.2085854873,941692.2984516498,934668.6979154813,944681.0786847145,942936.3131154135,12944039.174386753,944020.000088604,942780.3734844862,955439.6001766034,923283.477632045,952918.9435704987,899630.0431572129,899323.0903773248,898242.7696522138,965535.9232097187,962468.2054156013,961262.708961278,964339.7447388154,955357.2573881135,972339.4376952464,915797.7868658404,958534.12597856,957975.162942226,953404.6126317842,963114.2350345792,959711.0787745581,961913.2383446961,964574.8607991731,957038.6859786309,953682.9698622534,960085.3670834561,953453.2905047415,1002917.8155008301,956633.4557794383,1002375.7226891217,951392.0286037067,951369.7645273762,951399.8204691563,956482.0933658744,0,919773.0094533898,932294.7445546748,958351.9641196335,958027.44991867,954530.0673403091,964626.302115396,956700.6028553485,967219.867757417,962801.6823743242
73566.60640895924,70695.91627610529,167138.19412631568,72392.03217285457,70368.42691755678,74998.5298144441,168394.57367748133,69193.6698713812,82929.13093769315,75942.11488600426,94635.8613154543,141295.143902204,139915.92469854414,71664.2126734337,82972.23509163082,224868.61829347466,69710.09419798499,70475.21410058599,70535.56619137117,78866.47012153464,70656.75815395424,70303.25022211303,85381.84257198982,85290.64465785242,71354.39707816973,13778888.771961655,86558.63662142697,104200.03425574668,81085.43111334792,69566.36231164391,84261.9041316768,78051.02070995439,86240.67305123969,158387.83513418763,70712.09020757634,82816.9907093629,83467.91314040305,85855.84109682326,73795.67856744534,86454.8870257172,57850.01130482508,78357.57411208798,73479.1689556806,78106.73420908576,74638.50105548189,78907.57620268168,71218.11367441666,72102.4917916286,71171.83630748163,104218.56786724784,75415.23092592109,113385.15021128349,117193.62781378267,74360.33213866722,119737.02136948229,75991.02459391208,70854.00446170797,78062.73225725131,78418.31563147387,919773.0094533898,0,86888.71977643894,80185.78087882145,82137.61845060125,73267.95467153877,78984.1815042232,80337.09708974736,81229.68194238868,76562.10842121209
66078.70465794511,57643.702587080144,165048.13359944362,65881.36592475118,40300.51968694549,57602.534826382784,165048.26237900733,50448.26133302842,50429.00463135475,29320.646431719244,29330.591898652157,59600.540525900426,57231.58167402713,53425.97546161906,69603.4732553859,231609.2590712985,52135.96468557192,56791.53171602125,55269.5229072565,52843.73796332752,47149.887465040796,44265.51995285867,40379.38975619404,39488.01188408128,40877.23277591443,13789575.128850156,43959.58171266626,35915.58298981185,38137.32146395538,49918.16078728505,37408.21630976511,36259.659669403714,47219.870922559116,72210.06685589235,54320.94481560796,45754.55531273104,48943.42280492667,45755.71155477091,57095.95197239129,45743.52718938329,73384.92543407994,43743.57973603933,43684.754167213,44212.690589454134,43703.7339725005,43767.63859256649,53389.79046973427,44508.964173723165,61647.041744644484,104213.8248681654,61632.04737209751,113379.95886209139,113386.7116360832,61611.32349539931,117152.52848501365,62488.16340598087,51791.34727363449,63033.09596662054,54468.67530061882,932294.7445546748,86888.71977643894,0,49114.76536264482,41655.568591528405,50552.25675202058,48683.29947096479,41886.20256214719,42012.54379921843,49296.956288613495
28286.400877765875,29880.293282037524,121929.35323015125,22833.198993851787,30366.41457153119,22291.18047053462,127676.20296185568,29920.144828982277,43656.87837520527,24248.985616457332,51519.75333091661,61631.23490494201,59990.9307905445,30075.574327377715,33442.22237051295,263401.2451148604,33599.48259952074,33602.07731956373,33448.97863524576,31717.887890995553,18176.76593008095,26989.058619709544,24060.166610416363,29942.86816707619,30484.882712742416,13823484.850109912,18337.749934311752,33708.78670304491,15787.582008552505,48375.108134373644,14594.241851983159,69752.41060667418,61462.04201061265,78504.90413596435,25499.76102959922,9197.093635642637,9581.733376954358,9509.489400377533,19608.20002141525,20081.854215722607,76567.71227361244,12161.551188296606,16729.605040729057,11837.393959887127,12721.909170487676,13269.022638355407,21322.445097339925,30513.115238230504,30256.00574228366,68766.832460919,27552.404069794735,76927.36457672728,81071.31421077237,27404.149156627213,83621.85818409952,43797.4940638885,30298.442765385917,43890.60243794314,29726.321086496548,958351.9641196335,80185.78087882145,49114.76536264482,0,7775.095789522213,15331.784558272417,9255.213227425591,9186.876548761473,10534.108650823566,12267.623352624429
28174.123665664756,27173.52563965267,127294.9212983804,28005.05274861091,27646.545505323502,22387.284244910283,128434.4547639894,27259.02263025814,43475.71875867117,18356.916393838954,51232.717039715724,61459.68609601982,59455.800389433745,27444.64747778007,36082.704442194525,265366.85593273584,36240.16744175985,36243.27407383751,36087.948999308996,34327.65316677093,19337.127332993256,26220.149900313572,23874.42962843656,24707.221179690587,27829.7291438371,13822034.438531011,17066.84359060254,35258.71380139267,14306.330965611536,40627.652518552124,12552.159056937691,69846.48009373277,60358.36829064818,76281.63134098468,28120.293946115504,10129.927087658512,9387.140433914397,9843.821547680289,17021.649902145524,19859.72516561499,73590.98745209358,12481.519463528293,12520.780442418973,10682.159330633478,12449.55989078962,12940.85619803268,19985.203629892156,27830.58775107507,30095.812933288245,68744.41741907729,27524.049238824577,76917.0539732408,79414.10823712168,27507.36074129895,81993.50109391248,44128.741076837156,30544.833929474895,44215.642143453144,30324.513873255284,958027.44991867,82137.61845060125,41655.568591528405,7775.095789522213,0,16207.78155042998,7342.383024944792,11237.16861165981,11701.27942467198,14640.936128037734
20987.832113630273,22908.65139225553,126218.96164744979,27028.723178063676,23378.796443558203,17511.326183819867,118688.89197403404,22999.24422904381,40521.48769398961,25460.311959729122,60739.82513857642,68448.30698087793,66856.16831765157,25457.464687919575,27132.052214684474,262373.4018498855,29187.95079478892,26755.89175084276,26599.987059269897,25644.23441218974,17169.212699835964,33700.29143153734,28225.188144774667,24727.126267200885,26529.105413008325,13819305.339151315,17681.703498571398,36973.484038903596,15835.276354079493,41375.83922346804,22564.022292883226,78262.185540829,57867.69943318664,85379.92228213302,18630.22623064783,11823.721591139574,12796.024711215548,14936.294219403882,21039.05937308061,27044.492528736428,69003.31734471576,12700.025825803017,14229.181701027324,13002.907437159549,12703.97425623097,12586.409193170084,12675.818175845348,23566.52286416124,26444.63429322622,61336.11037599359,26450.11640320028,75941.97759361389,80170.06176604006,22451.936296292486,82740.51011899236,43291.63118314916,23586.191247518007,43216.14465479953,29599.719808119466,954530.0673403091,73267.95467153877,50552.25675202058,15331.784558272417,16207.78155042998,0,12893.233636549736,12809.242235746771,17381.12011208558,11126.139160192366
29358.329309663986,25226.700399027923,122330.1464917221,23136.296443848623,25708.52725051614,21932.23899297739,129532.35872060167,25291.870579391627,47322.393503548024,23876.94294928233,51488.088633945765,64166.26343014278,62255.200054387664,25464.929653969353,33286.67106875721,266753.2320346412,33443.327076621375,33449.24175996225,33283.48329993995,31392.573267571428,18392.749633730575,28131.596428569654,30278.653184979557,29627.073754131765,25863.229223580027,13827348.606107965,21520.934265215532,33358.88566696201,17047.727755683136,47944.25938312454,14244.889459870368,69970.37816892046,66801.63939225348,79409.73187645459,25345.13776777949,8666.669448569679,7808.2113959463995,10644.462717295317,18933.311253018317,18030.989903852067,71872.74375157704,12687.360735184662,15080.969547654977,12060.554749066148,13960.836109409383,13419.405134040937,19154.6291432228,25876.538669241167,31458.174485772117,68308.37962914072,28730.937644322174,76440.47258179283,78347.09757497905,27052.14796086245,81558.00350324438,43735.58183614756,33033.97264775617,43818.40795910366,29713.81881149776,964626.302115396,78984.1815042232,48683.29947096479,9255.213227425591,7342.383024944792,12893.233636549736,0,11395.413086771949,8935.75976284805,11635.239905535436
29315.459591366987,27425.266472161507,127471.98501782572,27666.090417383373,27908.158158244303,21902.83420588043,129565.47120954514,27486.666093631648,39134.71921499505,18272.28222347112,51476.89181589246,62339.98644844624,60516.72999110022,27657.167566731,34222.22764535909,260369.9873531101,34379.62064628661,34384.37222961136,34222.570651133195,32381.634576432745,18586.132724028223,28114.984501912026,23277.893115291507,24890.289715084946,28057.538658379366,13818632.690478748,16249.716085246608,31228.075190957403,13244.109115436773,40995.699223836134,15920.347226216196,69949.45958392131,57914.57719740781,78066.15189168297,26245.386872458188,12086.054980946396,10637.570654884285,10309.964844020906,18834.7674706152,22372.969611289594,74090.65883230208,12248.467422372323,12036.909146627955,12025.906819541988,14696.069435198659,13282.733369085594,18991.814884959887,28073.13081924643,31447.704522842545,68294.81629680782,29190.913874621598,76571.03332627089,82633.96455084375,27021.93407460496,85201.6788979119,43679.45083523059,28665.09944836921,43762.89230858098,30204.685752710597,956700.6028553485,80337.09708974736,41886.20256214719,9186.876548761473,11237.16861165981,12809.242235746771,11395.413086771949,0,12725.796466477976,11267.098802028873
28379.469570741294,33182.51373101278,128510.4540655871,27716.001632151216,33668.687303823055,22010.027715078948,127440.85090962794,33217.73478736775,48773.88330376505,18400.36555074612,51312.69299690236,60147.16850707911,58690.72725411281,33369.67211641402,34105.00582999083,267559.00248283375,34884.60318451356,34260.53466229482,34118.21930662853,33482.65024116456,18976.80543603742,30148.85831200679,33207.257358446186,25110.622736931084,33780.38032344093,13828861.041211862,25950.661939843176,39453.86648053125,24518.1392503056,44998.539737723775,18442.280250441938,69794.87858834714,69157.70746876679,78107.57941097081,26326.20163961372,13089.196097022372,9276.482703165153,7803.592883810788,20281.5220917544,9667.776284249283,79826.85055257102,18612.709989151925,19472.092140845085,17033.70148501369,20392.316130094452,21004.178493725765,22734.943904519587,33811.31604788738,31620.049606198143,68428.71415928123,29209.992941999117,76571.7319120175,78285.50973440624,29803.525562986,81678.91252592356,43705.34850711849,40826.57761390165,43791.659520479574,30213.245467941793,967219.867757417,81229.68194238868,42012.54379921843,10534.108650823566,11701.27942467198,17381.12011208558,8935.75976284805,12725.796466477976,0,14237.903246559119
21920.4283859061,24220.964768467165,128319.11614523358,27434.02529500975,24705.432955022578,18006.99461869967,119863.09996472516,24275.638284989767,47320.22930850639,24382.42312008215,59482.64729413459,65879.1974770817,64115.768425384515,24441.72758221621,31691.64321187528,266741.66715249687,30605.942659582623,30610.932099556394,30448.284114493323,28598.10710877369,15454.421956536627,33474.54703128231,28199.98206877715,24712.266567703624,27624.195321326668,13827347.171707774,20356.3826985068,35702.24595967671,14869.444616479,42446.673367228395,19795.30893347925,77108.30862960656,66354.99779975759,81851.47322358013,22476.124266143353,9504.638359658873,9886.863214376095,12084.196691339439,18735.960656782874,23079.132399373586,70913.73225834132,11130.590327016249,12843.318927475777,12799.021277420674,12765.257809172426,11755.524083457909,14415.275264545706,24864.76887770999,32002.765255325412,62354.3961567691,28792.197440647415,76125.06681403969,79916.26312694473,27967.391283997727,82420.33487153034,43294.73910137063,27574.70365282654,43242.44675585893,29734.570784822365,962801.6823743242,76562.10842121209,49296.956288613495,12267.623352624429,14640.936128037734,11126.139160192366,11635.239905535436,11267.098802028873,14237.903246559119,0
