0.021149723402447383,0.008102430202034413,0.03702552097442693,0.007310598293343685,0.037021455396900424,0.00011787003218341198,0.1329007457918455,0.005516526372838502,0.03700746012020164,0.037051478739052734,0.03700757724252788,0.03704549749509491,0.03704154903988326,0.005003296083509433,0.13286197259161467,0.037013441364170854,0.0012521678810776297,0.03700554445376463,0.037057459983024746,0.03704346470632028,0.13290320341956388,0.13282565701909538,0.001203861631855181,0.0038302271592070775,0.03706547401574582,0.1328522792915639,0.037019422608128676,0.13287166589167587,0.1328836796086602,0.13288873207486804,0.13279903474662683,0.03708545053641381,0.03701152569772815,0.03702743664086394,0.0370054273314299,0.1328644302193262,0.03703748346236246,8.527432167871035e-05,0.0370354506735907,0.03702348818566367,0.13287890156402205,0.03701547415292841,0.0009216255472053932,0.13285214208077217,0.009581320368300322,0.13287903877481377,0.03699944608746638,0.00489927678784144,0.013521334993253831,0.13287398630860253
0.014471701014195619,0.009734880290742338,0.015394561287306183,0.013818451619953811,0.015392253737325433,0.0010499999999993292,0.03811924579526017,0.0056155945253687795,0.015378158745190051,0.015421597496585504,0.015375149461596512,0.015415126888014354,0.015409810054425455,0.002112425028058875,0.038086586877791435,0.015384629353766619,0.010847074800215167,0.015373995686603428,0.015428068105152876,0.015413973113015853,0.038125018032777375,0.03805972411880817,0.01089094548016947,0.0011899999999940292,0.01543569248871169,0.03807842433714661,0.01539109996233235,0.038094750294492705,0.03809376983182305,0.03812024396564018,0.03804104099521697,0.015456258089429057,0.015380466295165382,0.015398724345887387,0.015377004970202383,0.03809236406420182,0.015407502504459316,0.0040112466889993615,0.015406348729457037,0.015393407512318517,0.03809714162506149,0.015385783128754283,0.005127075085628798,0.03806349563557743,0.0024063209089285847,0.038112083385721265,0.015370534361625818,0.0018439420219827395,0.00020645860016777777,0.038085600953637506
0.03668120635965752,0.0016964000373547205,0.02513206820287998,0.004536794022218847,0.025134654588085687,0.022134771288632213,0.15226398720643286,0.012929582539752488,0.025148737473191848,0.025105195625275977,0.025151252741631283,0.025111590471520357,0.025116692125170967,0.0028786802531681945,0.1522278745828147,0.025142342626942007,0.017207180997715097,0.025152545934239604,0.025098800779022514,0.025112883664137758,0.15225968770492185,0.15218746236139546,0.0171555961668396,0.013799307953655929,0.02509111274017528,0.1522188467306274,0.025135947780694005,0.15223690255651562,0.15226786134966633,0.1522330322236265,0.15215607809088694,0.025070635008810193,0.025146151087986138,0.025128259741846775,0.025150030665794704,0.15222357406131531,0.025119278510376673,0.024142777387871538,0.02512057170298499,0.025133361395482834,0.15225023119850922,0.025141049434344614,0.01795405525221757,0.15224508202237919,0.018360787020170063,0.15222400336346692,0.025156425512048167,0.003221490338336254,0.0036613859107621502,0.15225883389807088
0.009406986765164955,0.00048208882639284487,0.08334741747648965,0.0016524447945515657,0.0833731515537298,0.0036265178483162216,0.11940706595508432,0.002865889010660003,0.0833672849503957,0.08337202528426027,0.08331931408743704,0.08336265650758173,0.08334042236514222,0.0021645850751474027,0.11937680260420001,0.08337665200762723,0.0022268787707755574,0.08333218165870272,0.08338139420757985,0.0833755221872674,0.11940052805578945,0.11934000377074701,0.0022006319541090567,0.0028912690836258898,0.08337789875020873,0.11936923766198243,0.08338601921185138,0.11938436790469138,0.11941911739751654,0.11937231881805979,0.11931077109800682,0.08339314420263134,0.08334154906167468,0.08338251915119545,0.08338015351389776,0.11937026304738395,0.08336615380357452,0.0015702865980459528,0.08337902014295497,0.0833602843085394,0.11939847277080337,0.08336378410317459,8.967924228700184e-05,0.11940296562481979,0.0017397011200203148,0.11936475191613821,0.08337078685007512,0.0017298632472934723,0.0002914219175506021,0.1194115526236941
5.727714974393354e-05,0.004415934578467081,0.20311174765525955,0.013692603797806532,0.20313174675334458,0.0008835899217126518,0.1416017980111795,0.004041447760389967,0.20314174720427544,0.20310174630242966,0.2031117490080903,0.2031017467533756,0.2030917476552755,0.005745928993643289,0.14156390641685218,0.2031417467533366,0.031525775168902044,0.20312174855713633,0.20310174585148372,0.20311174630242168,0.1415985949789001,0.14152281123550156,0.03151793140420333,0.0028500000000022396,0.2030917458514988,0.14155443369955015,0.20314174630239065,0.14157337920668608,0.14160193854605066,0.1415732435878977,0.14149118877159264,0.20308174494961487,0.2031217481061904,0.20313174630240574,0.20315174675332864,0.1415607025272162,0.20311174675336763,0.00014343657218230218,0.20312174630240662,0.2031217472042985,0.14158605616372708,0.20313174720429053,0.0018799999999998818,0.14157672831365734,0.005272760638871747,0.14156377008260013,0.20315174720426746,0.005632051136131988,0.004735449812554452,0.14159246625438324
0.008685718162592703,0.002322434067955849,0.08189932723819407,0.011401337640823874,0.08189028546620315,0.0005383377099458267,0.19252303160920636,0.009028510397621533,0.0818768854068832,0.08192160647084167,0.08188600847821843,0.08191716688418736,0.08191724818351263,0.009399856381882173,0.19248303431731342,0.08188132499355023,0.00014046439188013937,0.08188148759221345,0.08192604605750234,0.08191264599817602,0.19252291551916478,0.19244292088824838,0.00012041700751635278,0.005776951903060384,0.08193500653015524,0.19247303499451962,0.08188576458020454,0.1924930336401847,0.19251338369059165,0.1925026862150233,0.1924128072660437,0.08195284617614855,0.08188592717887412,0.08189472505285746,0.08187236452088459,0.19248291820314872,0.08190820641152172,0.0006978202264851247,0.0819036855255231,0.08189480635220177,0.19250314958462295,0.08188584587954248,0.00012836436986840083,0.19248350396852207,0.018612965910891136,0.19249268687407645,0.08186792493422392,0.008594562234346324,0.0019784324586323886,0.19250338438583292
0.007202235911481576,0.0021766488003414682,0.007191966917429274,0.008139878534629866,0.0071857432465949915,0.012462783921195212,0.0588620191634613,0.0032657942031221105,0.007199538770520775,0.0071612640341662615,0.007217327956437018,0.007169717713829183,0.007181283228922531,0.001135074736840091,0.058837441310782675,0.0071910850908464665,0.019520922273199827,0.00721421612102557,0.007152810354491953,0.0071666058784297495,0.05885413154570706,0.058804986183142754,0.019571223685414144,0.0055586395641532595,0.007147468510236683,0.05883129949270269,0.007182631411179748,0.0588435841872334,0.05887954228761917,0.05882606225134279,0.05877867810693893,0.007125219306640388,0.007205762441355058,0.007177289566940288,0.007196426935101735,0.05882955039773379,0.007175059558084453,0.014457838350345508,0.0071719477226730045,0.0071888550820102355,0.05885761802858416,0.007194196926265505,0.005010359268554014,0.058869011372704866,0.001467887759443844,0.05881991584488319,0.007204880614772248,0.0008536993318442704,0.0021300000000010755,0.05887339976593253
0.1270930497706291,0.038802891644818725,0.22991234525357365,0.07014478241465842,0.22993995846742193,0.10775816488785661,0.08803122684592446,0.12661048376813067,0.229943020985629,0.2299200289230933,0.2298962305041116,0.22991465590518317,0.2298954764670213,0.07845734932599585,0.08801194521199233,0.22994839290588268,0.1702943434175,0.2299100367534992,0.2299254022503752,0.2299284627878795,0.08803998750567325,0.08800144203363579,0.17034711650039092,0.10679092892189153,0.2299169687082673,0.08800712698412029,0.22995376513550603,0.0880167643122548,0.08800012329536629,0.0880478699344859,0.08799576808005966,0.22991928366276437,0.2299154081395941,0.2299453308940997,0.22995682746985233,0.08802070779083312,0.22992308996705837,0.12282920865982747,0.22993689677821558,0.22992615184010215,0.08801282292939126,0.229934586350116,0.12217266347263754,0.08797689753565407,0.09303473437378383,0.08804305140100768,0.2299514557466394,0.07843652326227003,0.034330070978702186,0.08799530101090285
0.029965623637760383,0.005751043383595024,0.11839042554550926,0.04171424816534707,0.11839638846405501,0.004777661522715053,0.08811214048018333,0.0049511153961613865,0.11838256417743716,0.1184210555780238,0.11836521692666827,0.11841265270508336,0.11840126837284827,0.000966814964608131,0.08807263649965195,0.11839096705038955,0.03038783422326407,0.11836819838593132,0.11842945845096811,0.1184156341643464,0.08811057144292887,0.08803156252163198,0.030396512416648078,0.0010411563505602944,0.1184348798646455,0.08806276057449318,0.11839936992331807,0.08808251245281538,0.08810697872473053,0.08808768358856663,0.08800036477196838,0.11845710702421959,0.11837660125888756,0.11840479133699547,0.11838554563671215,0.08807106675861112,0.1184072312914098,0.015384410940942278,0.11841021275067286,0.1183934070047881,0.08809395893022057,0.11838798559111072,0.011072566035419996,0.0880789265375083,0.004091589907336853,0.08807780707987747,0.11837714276375591,0.0015146210332788526,8.081989859758676e-05,0.08809710324408836
0.01216484980254375,0.005516593151581877,0.034314184897834846,0.013545161698245134,0.03432394469549129,0.01022615748533908,0.13670080687399327,0.013064502052986076,0.034310671165898275,0.03434561185580444,0.034286954755241204,0.034336535141616144,0.034322578528599636,0.0011837095237416757,0.13666332719497645,0.03431974788010245,0.004471107245411079,0.034291834654050564,0.03435468857001159,0.03434141504042849,0.13669731416527722,0.13662235432022563,0.004496721027591354,0.004699999999999704,0.03435888538539745,0.1366539574985013,0.034328824594290736,0.13667269698078693,0.13670191951834973,0.13667158922029146,0.13659075115102176,0.03438123562918173,0.03430091136825771,0.03433302140967958,0.03431555106472352,0.13665983352836666,0.0343323383262402,0.0048102282965350384,0.034337218225055526,0.03431906479666307,0.13668556068583085,0.03431486798128414,0.0,0.13667730828488336,0.001597059798498335,0.13666221862680664,0.03430647435052233,0.001860000000000639,0.0053885802430342945,0.13669255027250224
0.01846674447740707,0.0011221719043776276,0.07229341663038781,0.00632651498658488,0.07229824695515864,0.01026710776297606,0.09078186603061167,0.0004800000000031446,0.07231218133675399,0.07226796302957143,0.07231069545921406,0.07227372263917085,0.07227706708640175,0.0040576781955069035,0.0907495983462194,0.0723064217271464,0.002339999999996678,0.07231311062160238,0.07226220341995801,0.07227613780156736,0.0907759577200901,0.09071142430807724,0.002359999999995921,0.015503014557281989,0.07225402864796789,0.09074153238732925,0.07230066211754696,0.09075766469009992,0.09079152934057229,0.09074800548771866,0.09068131725994795,0.0722343346567533,0.07230735101198897,0.07229248734555103,0.07231459649914232,0.09074368793475283,0.07228189741116678,0.013079463200088985,0.0722843125735551,0.07229583179277031,0.09077164149666377,0.07230400656477207,0.004020199000046635,0.09077324716016269,0.004206647959699534,0.09073993718313668,0.07232035610875573,0.004526725563255735,0.00012808325327419082,0.09078346380260853
0.05675979034492271,0.021211487453739023,0.17363632474074567,0.013363143342788368,0.1736487366448681,0.03023047753235784,0.02846241783396773,0.006968104259122477,0.1736614443653147,0.173617115251908,0.1736460773933333,0.1736203661361025,0.17361741106824352,4.300620529511423e-05,0.02846940465685963,0.17365819348111813,0.004197041123134005,0.17365228334539345,0.17361386436771142,0.17362657208816473,0.028472264103274796,0.028486237749043363,0.004177086475785345,0.033449908871980016,0.17360440753145467,0.02847115136257468,0.17365494259692366,0.02846765795112935,0.028434625731792052,0.028495450053320263,0.028501324135510805,0.1735884489268115,0.17364903246119226,0.17364548576067154,0.17366765031737486,0.028479250926151462,0.17362982297235924,0.040718391422052996,0.17363602892441476,0.17364253069280583,0.02845606497612123,0.17365198752905794,0.03863091508104803,0.028430019579660598,0.016809811363049366,0.02849719675903655,0.17367090120157144,0.0005033710458627884,0.010592247164790939,0.02843637243752109
0.01878783915196691,0.005858072877975356,0.06899574262228644,0.011545321933277614,0.06902383428933268,0.00774855271718726,0.14803878464872794,0.00047344347201132747,0.06902548297549652,0.06900649896930035,0.06897714983964759,0.06900029710081686,0.06898005001448518,0.001452489036785185,0.14800918285145984,0.069031681132657,0.002075765158441374,0.06899119509038691,0.06901270172946661,0.06901434343671171,0.14803205907440395,0.1479728554798773,0.002040406976501209,0.005719814257757361,0.06900485852460497,0.14800178240214865,0.069037880181824,0.14801658330078057,0.14805156092236865,0.1480038070271346,0.1479439285576059,0.06900942689228007,0.06899739197969802,0.0690300340431635,0.06903952853258179,0.14800245727713582,0.06900814227322265,0.0009490307538581584,0.06902218846139238,0.06900978843613884,0.1480307093244052,0.06901763542748321,0.00013891284910075077,0.14803608514874,0.0011101890359131957,0.14799640657781385,0.06903333108000007,0.0019078551443142302,0.00543989786139168,0.14804416047304791
0.009561872338653755,0.004036430871031955,7.000000000090267e-05,0.014758021098205065,9.219544457444806e-05,0.00037595112599603155,0.014162380003473375,0.01002941603007777,0.00010049875620775775,6.70820393208653e-05,7.61577310576219e-05,6.32455532032202e-05,5.000000000165983e-05,0.004314296054369484,0.014162372453089812,0.00010198039026938844,0.001893692642122144,8.24621125109547e-05,7.211102550654982e-05,7.61577310576219e-05,0.014152380003647321,0.014152364902894404,0.001888011568565907,0.003637925232877563,6.403124237467862e-05,0.014162370565504578,0.00010440306508413217,0.014162374340689255,0.01419237811533788,0.014132376228810539,0.01414235924028423,7.21110255124619e-05,8.062257748037397e-05,9.486832980370682e-05,0.00011180339887552334,0.014152372453263756,7.280109889541713e-05,0.0019633821484212094,8.544003744869331e-05,8.062257748037397e-05,0.01417237622808633,9.055385138186931e-05,0.006422622748138672,0.014202372452379812,0.011235796832706273,0.014132374341211094,0.00011045361017155085,0.004952006589464167,0.004348144655762602,0.014192376227738437
0.05948828456091575,0.00809018303516945,0.0009749932126453373,0.02235488609203963,0.0009894699475925368,0.0017324591750871516,0.1394924679207634,0.005995640082590905,0.0010016721313940156,0.0009579127784852256,0.0009822692813952901,0.0009604410751419848,0.0009555903626466118,0.007777996974607236,0.13945546887996446,0.0009991406929624462,0.009326087871668257,0.000989545350145243,0.0009553678454941529,0.0009675835238620067,0.13948866766600942,0.13941466958439422,0.009316836888444516,0.006966170519696688,0.00094569710012786,0.139446219119764,0.0009965957599749904,0.13946471864016613,0.139494618924829,0.13946256763609394,0.13938312004903103,0.0009309364887656787,0.0009871199938975563,0.0009869250146050809,0.0010088114383392274,0.1394516686252051,0.0009701284568494627,0.013014394593677467,0.0009772542692282997,0.0009822692813952901,0.13947776865511405,0.0009919707063998228,0.026988731680577215,0.13947066989897916,0.007318322413765578,0.13945331787589885,0.001011356371333555,0.007046505295173102,0.005825663803389415,0.13948536916462737
0.004104847745365071,0.0046994176717455455,0.007216342563936281,0.011372364357617001,0.007241684886826953,0.008773709268521045,0.19980165890202184,0.006290310008255506,0.007247965231706692,0.007216494994109917,0.007206837031604046,0.007213272488965372,0.0071973884152579,0.024316194202815247,0.19976615454075403,0.007251158528128037,0.021504172157765032,0.007219480590734732,0.007219729911847697,0.007225960143818739,0.1997970535318259,0.1997260448714698,0.021525302015764112,0.009298330808858023,0.007210270452630884,0.1997572787159502,0.007254364203704743,0.19977503047178227,0.19980660174278628,0.19977009035388255,0.199694811149411,0.007207336539947941,0.007222644944894497,0.007244894754242238,0.0072606335811751035,0.19976154835202853,0.007222741861655318,0.009115580230780924,0.007235426732405155,0.0072290109973660605,0.19978851268278192,0.007238487411060614,0.004918638022867943,0.1997845832390481,0.02185000000000059,0.1997612137027601,0.007257444453805534,0.024284164400670834,0.003261424820102612,0.19979772621328623
0.02703438551179296,0.003996473642471977,0.045505889496467576,0.010044140846859017,0.04550354989775257,0.014237073227143723,0.09994276211913063,0.0032119002765490993,0.04548945622649866,0.04553290703961332,0.04548650368862608,0.04552644510368201,0.04552115296708359,0.0027510272537892124,0.09991736836006704,0.04549591816244457,0.02908268578617784,0.04548533388925856,0.045539368975568414,0.045525275304299895,0.09993503689898073,0.09988425501549793,0.02911322743175634,0.0070111017657912555,0.045547000710876424,0.09991102141406533,0.04550238009838506,0.09992371590369188,0.09995959233610803,0.09990688664951859,0.0998574914565764,0.045567556318076255,0.04549179582521366,0.04551001183369307,0.045488286427136565,0.09990964117641916,0.045518813368368584,0.02094613650076112,0.04551764356900649,0.045504719697105483,0.09993779064998147,0.04549708796179748,0.012937546888666477,0.09994828112579571,0.0010600000000025034,0.09990053703559483,0.04548182449118147,0.003475890398749711,0.00018301352597207266,0.09995324506988507
0.006863313891078041,0.002314422374326917,0.03477478746518593,0.021084838154459745,0.03477090183095611,0.008048762239878993,0.15712203951069612,0.0025000337328222326,0.03475689378107473,0.03480086074783952,0.03475668961603045,0.03479482813147049,0.03479073833218505,0.006807198235665684,0.15708377159974612,0.03476292639746367,0.01468779811683661,0.0347547467989127,0.03480689336423703,0.03479288531434708,0.15711912932549132,0.15704259294854175,0.014703771727107138,0.00032735921013483265,0.03481486879772947,0.15707420475686767,0.034768959013846946,0.1570933384965835,0.15712120703457413,0.15709417557630873,0.1570109811446332,0.034834909464008364,0.03476077941530164,0.03477693444733938,0.03475495096395699,0.15708086070556437,0.03478685269796381,0.01693767988834009,0.034784909880840396,0.034772844648073856,0.15710581656959735,0.03476486921456717,0.0051129355234014575,0.15709542100265392,0.0016407112111564955,0.15708460809385907,0.034748918347568054,0.0061366754580276005,0.0022284864266573735,0.15711164056173735
0.010294449961019681,0.02295999999999765,0.001254830665865104,0.03495112158429461,0.0012731849826292554,0.011954441489774521,0.1954077073710229,0.01670112733170616,0.0012839003076496667,0.0012425779653562282,0.0012578155667639372,0.0012432618388685374,0.0012349089035217813,0.05249981523776233,0.19536934892659052,0.0012831601614695476,0.02504526612241475,0.0012666885962962138,0.0012419742348327683,0.0012525573839136765,0.19541054270432714,0.19533382758754508,0.02507362610641043,0.0035777461877304455,0.0012319902597010244,0.19535975941836473,0.001282497563344509,0.19537893847598073,0.19538961410474534,0.1953970363132477,0.19530789743377056,0.0012210241602810623,0.0012657013865782633,0.0012725171904515492,0.0012931357237315145,0.19537218481657062,0.0012532358118066311,0.023174824702680976,0.0012625371281616805,0.001263962024740083,0.19538569292555893,0.0012739309243412732,0.008796141199411764,0.19535801007381307,0.040600714279427,0.19538744714029638,0.0012938701634982474,0.051755542698338465,0.0226763136333949,0.19538002405568514
0.1132221696488824,0.012578688325887823,0.11791002138592396,0.07022058174068697,0.11792548151368405,0.08311166283981478,0.031895471539115594,0.09927312828756872,0.11793732406883187,0.1178940663395177,0.11791619012281253,0.11789612258514491,0.11789044876689554,0.05410813247562115,0.03186197681843307,0.11793526782319771,0.1443772004161253,0.11792392018669898,0.11789201009388353,0.11790385264902843,0.03189000514355885,0.03182301570218008,0.14443051097326465,0.08113030075132525,0.11788222378436988,0.03185360313826301,0.1179332115775705,0.031870350498601305,0.031903497045615764,0.031862324992101135,0.03179242826611087,0.11786832498359083,0.1179218639410619,0.11792342526805684,0.11794505413271539,0.03185651042287633,0.1179059088946626,0.09932146847484587,0.11791363895853917,0.11791775144980053,0.03188419057432033,0.11792753775932113,0.10071748855089172,0.03188384240065822,0.06602089972122611,0.031853951311932895,0.11794711037834955,0.05389091945773264,0.013761072494742621,0.031895123365439766
0.026950988269808917,0.0,0.028440395113646738,0.003463466471613316,0.028436293121363775,0.006014790091122732,0.20777212020977742,0.012723969506408002,0.02842230050134973,0.028466329357527652,0.028422482677846438,0.02846035854559422,0.028456438729802268,0.03052224019894291,0.2077622497557468,0.02842827131328316,0.003893420286711345,0.028420431681699256,0.028472300169461087,0.02845830754944704,0.2077624294469829,0.20774268853889588,0.003910325913957214,0.0011561139386968497,0.028480321977536,0.2077597821422297,0.028434242125216596,0.2077647173692519,0.20779872488465592,0.20773811269435788,0.20772559493557582,0.028500285409489182,0.028426402493638394,0.02844226393329151,0.028420249505202548,0.2077525589929385,0.028452336737519304,0.0006765881016462478,0.028450285741372126,0.028438344117505256,0.20777687574554976,0.028430322309424643,0.001886265263459288,0.20780101280692492,0.006960007183896649,0.20773564508085454,0.028414278693269117,0.03022165779002281,2.446856399497762e-05,0.20779625727113882
0.013360000000005812,0.0013287458344315598,0.058756146680279744,0.004510077604654117,0.058757249217010005,0.0020807515378215894,0.15064984367731593,0.0021338169810663794,0.05874311782984965,0.0587849607229764,0.058734122696985726,0.058777619395208244,0.058769726799080185,0.0006299999999939132,0.15061348213224518,0.05875045915761219,0.0,0.058734673965351245,0.05879230205073412,0.05877817066357377,0.150645677335924,0.15057295407874602,0.0,0.0023127278053697337,0.05879909211013192,0.1506043920342339,0.05875780048536509,0.15062257234558507,0.1506532561878442,0.15061916378734394,0.15054151620067832,0.058820564825070865,0.058742015293113785,0.0587645905447629,0.058743669098209564,0.1506093147849752,0.058770829335810446,0.0,0.058771380604175964,0.05875669794865009,0.15063583006708114,0.05874990788925229,3.999999999848569e-05,0.1506301570071543,0.0011274474621072457,0.15061007270431753,0.058736327770451846,0.0003299999999981651,0.0,0.1506441664984056
0.0,0.002205368637832447,0.06455637764472826,0.0006958216109706901,0.06456881214492724,0.0019784677595492115,0.16200003024690843,0.010353598408283456,0.0645815143416279,0.06453719050140944,0.06456610506462718,0.06454043297470613,0.06453745819791572,0.0022437691503364872,0.16196008705850876,0.06457827186832447,0.017555634893513434,0.06457232231473232,0.06453394802810603,0.06454665022481801,0.1619994978387254,0.16191961122730059,0.017560738004115468,0.0011637012922615967,0.06452448830470878,0.16195010126579423,0.06457502939502106,0.16197007285298343,0.1619916454635869,0.16197846307456842,0.1618891216234103,0.06450854363468667,0.06456907984142891,0.06456556967162382,0.06458773159173305,0.16195955451902083,0.0645498926981147,0.001245163219893529,0.06455610994821524,0.06456259489482208,0.16198059173863794,0.06457205461823065,0.0,0.16196222337322894,0.014680275882964704,0.1619684771799766,0.06459097406503647,0.001438444880791558,0.0019008978573527503,0.16198165976430606
0.0462119216220234,0.0016046565321719871,0.2112900000000053,1.9999999999242846e-05,0.21131000000000455,0.0,0.10995903964659134,0.005654095860525116,0.21132000000000062,0.21128000000000213,0.2112900000000053,0.21128000000000213,0.21127000000000606,0.00014309971379506458,0.10992775809594639,0.21132000000000062,0.0020148697228343396,0.21130000000000138,0.21128000000000213,0.2112900000000053,0.10995280851347188,0.10989024751997209,0.0020634921855925037,5.446679478855334e-05,0.21127000000000606,0.1099199385916931,0.21132000000000062,0.10993557795364271,0.1099699167954613,0.10992470377489981,0.1098605575263474,0.2112600000000029,0.21130000000000138,0.21131000000000455,0.2113300000000038,0.10992152518956635,0.2112900000000053,0.0013875518008290354,0.21130000000000138,0.21130000000000138,0.10994963074062261,0.21131000000000455,0.012493282194845585,0.10995269528302024,0.003324787238661806,0.10991688223380496,0.2113300000000038,0.0,0.0017462449080020356,0.10996209756093295
0.008993334855196877,0.0038388149213086325,0.33364514952265895,0.0030669428738301714,0.333672406111145,0.0014600000000086766,0.13932405535298614,0.0,0.3336686290318551,0.33366633393255857,0.3336190409733835,0.3336576306635292,0.33363529939141284,0.0,0.139297122726933,0.33367733171433683,0.01411435085294073,0.33363266941352204,0.33367503727428505,0.33367125872630193,0.13931666267895343,0.13926280084790002,0.014158735819271316,0.0,0.3336701128360117,0.1392903905515487,0.3336860344695192,0.1393038552948296,0.13933950265449394,0.13928840906550743,0.139235212859394,0.33368259604000844,0.3336413721348033,0.3336811089947923,0.3336822575445099,0.13928972862347597,0.33366255558573116,0.003198827910342677,0.33367618374704755,0.3336587777955167,0.1393179819693058,0.33366370330019274,0.005085019452933815,0.13932670239405626,0.0024509997959977175,0.1392816750330095,0.33367355499050083,0.00014999999999787406,0.004552323221215287,0.1393327703736674
0.029626005468173986,0.008100302463487587,0.17302746601982294,0.004007056276120463,0.17303331537287273,0.005747541993448571,0.028504216045777218,0.005518824520562481,0.17301947896194717,0.17305806351819306,0.1730023243886602,0.17304968297447867,0.1730383777542296,0.0039996249824247,0.02848104077267698,0.1730278595056773,0.01538645005982706,0.1730052490651791,0.17306644406191932,0.17305260765099373,0.028512366608327688,0.0284660160621231,0.015409358467033524,0.013204307569875668,0.17307189992911864,0.028475246954399028,0.17303624004939167,0.028486834590954937,0.028473970539867676,0.028517080096868597,0.028456785169831467,0.17309411688377438,0.1730136296089093,0.1730416959165871,0.17302240363847798,0.028489191335223332,0.17304422710727937,0.0031288797978985816,0.17304715178379831,0.17303039069635381,0.028484477846686538,0.1730249348291545,0.005176358598261586,0.028448438522494925,0.0024107467722655814,0.02851128627859064,0.17301402309475172,0.004177487283046326,0.0031095722689048555,0.028468176721601304
0.02464976949553953,0.006038307534425267,0.0004064860701175673,0.0,0.0004026319838524699,0.0005483039638672077,0.10382083991183598,0.0022238580030465903,0.00038862175528459503,0.0004325794841336467,0.00038836129194818393,0.0004265378914237921,0.00042242334182228364,0.0022014540649325886,0.10378457881592698,0.0003946633480001117,0.0001955572114566593,0.00038643424881134247,0.0004386210768634111,0.00042461084828128854,0.10382506104019083,0.10375254454710942,0.00017111256002706965,0.00019234681515225156,0.00044658971271576927,0.10377551397126444,0.000400704940724214,0.10379364383236557,0.10379911463977054,0.1038153769920432,0.10372957967715742,0.0004666415340134084,0.0003924758415354447,0.0004086735765709101,0.00038669471214775356,0.10378880141903384,0.0004185692555571863,0.006127265382695387,0.00041664221242893035,0.0004045590269893114,0.10379848794659864,0.00039659039112270556,0.001917986154183755,0.10376769632211892,0.0,0.10380631291015394,0.0003806531194179892,0.002960000000001628,0.00030000000000995897,0.10379004817418493
0.018641146480851124,0.0038639254651131735,0.24297765657577267,0.02264133766137335,0.24298710605835722,0.007598664356314167,0.09523010710904917,0.016439309596217148,0.24297377651148538,0.24300904041080898,0.24295057514354063,0.2430000132667347,0.24298626138135868,0.01721795864787151,0.09519458650575269,0.2429828036555627,0.06098904901700974,0.2429552998848265,0.24301806755488634,0.24300473800800163,0.09522551023754453,0.09515446915411388,0.06102658437106903,0.013249818866689356,0.2430223699576778,0.09518570691023887,0.24299183079964007,0.09520346632345783,0.09523502349451712,0.09519855566131384,0.09512323165242297,0.243044726648627,0.24296432702890386,0.24299613320243152,0.24297850125277123,0.09518998791890329,0.24299571086394017,0.010973744386601921,0.243000435605223,0.24298238131707137,0.0952169449205347,0.24297807891427683,0.0020135483392632676,0.0952129891348922,0.0002826835490873262,0.09518967433498728,0.2429694741086939,0.01676734027804509,8.777325131710751e-05,0.09522614451924793
0.028230061990717772,4.221498433765509e-05,0.11073515375395798,0.03801047487206641,0.11074172476530847,0.003560609420630042,0.0,0.005491812087096927,0.11072796956802217,0.11076594965420397,0.11070959269952033,0.1107574293027381,0.11074562344558302,0.002198517296303965,9.999999988963282e-06,0.11073648991950015,0.0172093319672354,0.11071287820518999,0.11077447000569779,0.11076071480839937,0.0,0.0,0.01715771129646515,0.0027553446360303055,0.11077970485150239,1.0000000003174137e-05,0.11074501027096602,0.0,1.0186496253380662e-05,0.0,6.311497686420505e-06,0.1108019804002825,0.1107213985566717,0.11075024511678645,0.11073125507369555,0.0,0.1107521944569335,0.00996518941114846,0.11075547996259105,0.11073843925963509,5.644325211424748e-06,0.11073320441382677,0.0027984387511072366,0.0,0.0009000000000014552,0.0,0.11072273472220173,0.0020885608607375305,0.006543694070020262,9.701425032105791e-07
0.025599515620415986,0.0022426992665097803,0.06817352455647704,0.021533752575894877,0.06817099579792164,0.00782999999999845,0.0,0.01318570632412903,0.06818508129915747,0.06814408917473315,0.06819654937723003,0.06815176411497172,0.0681607034345089,0.002108531739849158,0.0,0.06817740635890344,0.0022211506156984617,0.06819528499796235,0.06813641423446821,0.06815049973571949,0.0,2.1805570737051794e-06,0.0021833180233013145,0.013075661341324995,0.06813000367349732,0.0,0.06816973141865396,0.0,0.0,0.0,3.453863132086039e-06,0.06810824323199656,0.06818761005771287,0.06816332085767217,0.06818381691988978,2.4806946908089358e-06,0.06815817467595807,0.010030000000000427,0.06815691029669037,0.0681722601771939,0.0,0.06817867073817568,0.014381715060351939,0.0,0.005591003040227171,0.0,0.06819149186014382,0.002060000000000173,0.005600223209841231,0.0
0.02533186136074015,0.0022528228044447693,0.02789171853518398,0.027289301933176514,0.02789391283450604,0.01069710947932472,7.314897730071829e-07,0.005318063557354062,0.027908012347353465,0.027864616659151308,0.027911222079957596,0.027871117840735832,0.027876521872667426,0.013355415613649816,0.0,0.02790151116576354,0.00573545115923714,0.02791231922963057,0.02785811547755214,0.027872214990404962,0.0,0.0,0.005786302791940046,0.002438748830175629,0.027850517146298482,0.0,0.02789500998417901,0.0,0.0,1.8505830260814134e-06,0.0,0.027829916451846497,0.027905818048031404,0.027887411652916114,0.027909109497017196,0.0,0.02787871617198949,0.01739084816793423,0.02787981332166246,0.027892815684842313,0.0,0.027900414016099807,0.016755008046661198,3.721042039738683e-06,0.0018747174802297253,0.0,0.027915610678616358,0.014144989988484806,1.0000000003174137e-05,0.0
0.10424692833342236,0.024487221141873038,0.0,0.034622303030269114,0.0,0.09231525257369572,0.0,0.05868759508476116,0.0,0.0,4.9751859483870395e-06,0.0,0.0,0.04579575024226073,0.0,0.0,0.03588517799872757,0.0,0.0,0.0,5.275516812588668e-06,0.0,0.03585867398552822,0.08802192632045722,0.0,0.0,0.0,0.0,0.0,0.0,0.0,2.044842035244761e-06,0.0,0.0,0.0,0.0,0.0,0.08724666010799713,0.0,0.0,9.999999988963282e-06,2.7385047721071845e-06,0.0986152001468379,0.0,0.0694092113321983,0.0,1.0000000003174137e-05,0.04635035267825811,0.014662735358156967,0.0
0.011241287932841994,0.0043969840308389005,0.0,0.017577998749703796,0.0,0.031261081028360824,0.1035032536195122,0.005404922134456068,0.0,0.0,0.0,0.0,0.0,0.02828606391748182,0.10347845477932127,0.0,0.021658190136760343,0.0,0.0,0.0,0.10349540737229791,0.10344580969191167,0.021672990102893797,0.02254280728760564,0.0,0.10347225506926964,0.0,0.10348465448937288,0.10352059265110337,0.10346731545778169,0.10341936431454254,0.0,0.0,0.0,6.800204064489128e-07,0.103470608532107,0.0,0.02761417001872306,0.0,0.0,0.10349870044661881,0.0,0.013297112609129953,0.10350983976816279,0.020083693468059667,0.10346111574773008,1.5339299749118627e-06,0.0276208837776506,0.0011827911159131162,0.10351439294104736
0.024902805062884295,0.008113744461000928,0.0,0.018183671395713058,0.0,0.04015028393423342,0.2029108154833961,0.034811736526636806,0.0,0.0,0.0,0.0,1.871348589238427e-06,0.003993829791986446,0.20287932021617439,0.0,0.08559757590024619,0.0,0.0,0.0,0.2029046508253441,0.2028416602909062,0.08565109047758031,0.032342271101453116,7.764104093481934e-07,0.20287144639937452,0.0,0.2028871940329798,0.2029214356407555,0.20287657387562041,0.20281187418243787,2.783521018947587e-06,0.0,0.0,0.0,0.20287315555812235,0.0,0.04405653753984899,0.0,0.0,0.20290123250783168,0.0,0.03193960081152989,0.20290397884839995,0.015884036275030412,0.202868700058815,0.0,0.004695226319068245,0.0024427385438248747,0.20291356182394443
