0.00945951901525729,0.02727794604446837,0.2828211988165035,0.013500000000000512,0.28284935018487617,0.010452315532932072,0.09942515275320955,0.03259650445673749,0.28284798125495597,0.2828380145949286,0.2827980318177732,0.28283029151773303,0.2828084929771461,0.032236233009260144,0.09938730804282475,0.28285570349562567,0.0396788029053224,0.28281210759088804,0.28284573781480676,0.28284436709965105,0.09942191559208086,0.09934622539381865,0.03971262393747612,0.017575133000920617,0.2828393856944323,0.09937784712902609,0.2828634258789929,0.09939676906217795,0.09942540922721661,0.0993965195567661,0.09931460365927441,0.2828484813464719,0.28281982975032255,0.2828570727416974,0.28286205701720835,0.09938406964900931,0.28283664419591564,0.01035425033500772,0.2828507198152424,0.2828352744973727,0.09940946886488473,0.2828416277707462,0.0021036675470445044,0.09940027062337023,0.00889252030157783,0.09938705750750106,0.28285433494999696,0.03171006703902142,0.01727762695754323,0.09941594892168407,366
0.0002008110404621011,0.006660171084508646,0.23888436784352557,0.005436660693844,0.23891250699785993,0.017704488131541903,0.14547420458623722,0.0015865216462449551,0.23891393806138655,0.23889557760661506,0.23886541084887586,0.23888925739765188,0.23886886779151678,0.03300595451085732,0.14543424974880861,0.23892025719892612,0.027901059117042368,0.23887948028241662,0.2389018980669664,0.23890332710115073,0.1454746799274652,0.14539477053869346,0.027941049483410405,0.018653440550188072,0.2388941489446752,0.1454242610433348,0.2389265765878666,0.14544423845584178,0.1454627938683965,0.14545565544178318,0.14536528093048445,0.23889904248448005,0.23888579907562196,0.23891882659179275,0.23892800756713767,0.14543472522062564,0.23889700709720654,0.018021323480813152,0.23891107676287837,0.23889843741640576,0.1454537524438568,0.2389061876553253,0.00851633625709456,0.14543235472204546,0.019435378615726327,0.14544566683129442,0.23892168863458427,0.03301162160417088,0.010980132005671212,0.14545280506060612,366
0.011985750038230512,0.00046256355152496316,0.09365977979511857,7.729957578745404e-05,0.09367977978387702,0.007705702915859989,0.02451765904282653,0.030217952906825545,0.09368977978949349,0.09364977977824711,0.09365977981199396,0.0936497797838746,0.09363977979511932,0.019275854293145142,0.024535072024296334,0.09368977978387309,0.012805772444194737,0.09366977980636253,0.09364977977262672,0.09365977977825028,0.02450865630685628,0.024543482269798984,0.01276751922301729,0.0009145011912076366,0.09363977977263065,0.02453942526965254,0.0936897797782456,0.024530718778914544,0.024549020496068323,0.02449935732566966,0.024547539269935723,0.09362977976137957,0.09366977980074213,0.09367977977824954,0.09369977978387627,0.024526069288329178,0.09365977978387778,0.013398283472148954,0.09366977977824635,0.09366977978949424,0.02453536826949991,0.09367977978949742,0.002459308845994656,0.024571082968126587,0.0047504953917376,0.024503710571038655,0.09369977978949666,0.018662942325319426,0.0011332631662240925,0.024553373741434226,366
0.00244045002223532,0.0021632251987361594,0.30709264172232853,0.00718178250854717,0.30711885158681135,0.013747034919656327,0.18130977497090686,0.02478490669742338,0.3071135360090778,0.30711637989530133,0.30706501021770793,0.307107169079462,0.3070848537456685,0.004542158077388799,0.18128311807777703,0.307122746308379,0.02326725333863236,0.3070781153061773,0.30712559076051743,0.30712027367140027,0.18130231989690598,0.18124900882487816,0.02322935311090947,0.014897725783427351,0.30712169737743666,0.18127645462111786,0.3071319566570608,0.18128978184112313,0.18132547780166075,0.18127407977975918,0.18122156439011147,0.3071362266161395,0.3070873256909111,0.3071280620522905,0.3071266413061584,0.1812756619074949,0.30711106297234236,0.008592033679830335,0.30712416772373163,0.3071057466085571,0.18130390177819694,0.30710964117070644,0.0012255253468835222,0.1813129452080045,0.004274670777583777,0.18126741488750658,0.30711743112366624,0.004294781633707403,0.010790444847185304,0.18131881424717017,366
0.010954461567581727,0.03568698687061771,0.03776363276623582,0.009494537711339159,0.03775117707923348,0.007040896491656522,0.19074522326915608,0.0033611853342423196,0.03773848007308221,0.03778279893504956,0.03775392902226017,0.037779564353725044,0.03778255761589393,0.06333371699326425,0.19073574651858088,0.037741714654406726,0.054793461855792966,0.037747701178757934,0.03778603351636947,0.03777333651021149,0.190735508230636,0.1907165616825117,0.054763514002616046,0.0022821680523286703,0.03779549594120082,0.1907333785680962,0.03774494923573124,0.190738114963949,0.1907719989935599,0.19071133815270852,0.19069974855777316,0.03781142752868544,0.037750935760089165,0.037754411660557985,0.037732252229579974,0.19072603099734226,0.03777010192889157,0.024669769516462006,0.03776387408538474,0.03775740492274031,0.19075019921351638,0.03774794249790683,0.028027090244203762,0.1907746088975149,0.03944663094056825,0.19070896885043737,0.03772901764824874,0.0625965701613083,0.028866129396489745,0.1907696299204843,366
0.05066542818196652,0.0011963822678849162,0.0228461783756062,0.003247449287809077,0.022832774145718583,0.04035509536270468,0.18795287095439542,0.03635039752191089,0.022820320967199277,0.02286438261770237,0.022837551780242958,0.022861507085921426,0.0228653336690666,0.011947740372135529,0.18791451274449283,0.022823196498987026,0.09034887160335982,0.022830849665295066,0.022867258149490116,0.022854804970966727,0.18795003591380152,0.1878733190210903,0.09039943860445536,0.03780820861849623,0.022876835796221677,0.18790492329899602,0.02282607203077477,0.18792410223279318,0.18795178982920202,0.18792518724215462,0.1878417147494112,0.0228921645065369,0.022833725197086898,0.022835649677503612,0.02281361885225138,0.1879116771251851,0.022851929439185785,0.056331816197913664,0.02284522732423517,0.022839476260662392,0.18793652758311438,0.022829898613930838,0.05568309953532026,0.18792586011509965,0.000650791023913169,0.1879155972770762,0.022810743320463633,0.011276688343660052,0.008752932107827823,0.18794220068946565,366
0.003941362613415255,0.028082950343582685,0.04069720858503431,0.0037606174784961333,0.04071435086230057,0.01991213782928863,0.17756790409357306,0.01516512905292293,0.04072559966589932,0.04068328211646383,0.04070122508247971,0.04068462094894265,0.04067738864279633,0.012223194467725917,0.1775279042687928,0.04072426083341346,0.019511787501164148,0.040709796221113786,0.04068194328397606,0.04069319208758187,0.17756787449503258,0.17748787484546497,0.019473019463483066,0.01492668299655742,0.04067203331286507,0.17751790431260306,0.04072292200093464,0.17753790422498963,0.17755799293301192,0.17754781538555794,0.17745784537833395,0.04065944567677151,0.04070845738863307,0.04071301202982175,0.04073417080454044,0.1775278746702523,0.04069453092006259,0.03018218896276787,0.04070310205869477,0.04070577972366135,0.177547933779727,0.04071568969478833,0.020987155708520208,0.17752802266296186,0.00792209593799631,0.1775378154293682,0.04073550963701926,0.011920946292658384,0.02941376779315497,0.17754799297680796,366
0.008608234429895785,0.00026902160878302896,0.1467720697256386,0.0035203676899931077,0.14677797372763265,0.0013028208041568395,0.1772642200219778,0.0008518991227929611,0.14676414312062697,0.14680268294063528,0.14674689581364214,0.14679429163664562,0.14678294833164712,0.002416386653886116,0.1772276629084767,0.14677253442462437,0.010659270616874656,0.1467498478146313,0.14681107424464462,0.146797243637627,0.17726016190898533,0.17718704749501493,0.010687579264117704,0.0011918341903430355,0.146816513547641,0.1772185238624956,0.14678092572861795,0.17723680204743505,0.17726725839816207,0.1772337670987079,0.17715557117968217,0.1468387354586522,0.14675823911862484,0.14678636503162237,0.1467670951216161,0.17722360395838976,0.14678885233363345,0.00405941011109115,0.1467918043346345,0.1467750217266316,0.1772500002820841,0.1467695824236233,0.00011035670627487415,0.17724390342124727,0.010022180401486475,0.1772246272389938,0.14675870381761869,0.002187472885677952,0.00010236964379083143,0.17725811970118527,1131
0.023179475835314677,0.009950550160414517,0.1935500000000019,0.008929999999999438,0.19357000000000113,0.002064097865896953,0.13166959883110443,0.001517950494464138,0.1935799999999972,0.1935399999999987,0.1935500000000019,0.1935399999999987,0.19353000000000264,0.0038270223411990332,0.13166658822601407,0.1935799999999972,0.010780561209872664,0.19355999999999796,0.1935399999999987,0.1935500000000019,0.13165962719553467,0.1316536059853256,0.010826310544216733,0.0018215196109556304,0.19353000000000264,0.13166583557474135,0.1935799999999972,0.1316673408772868,0.1316987610865557,0.13163817862182134,0.1316413763959235,0.19351999999999947,0.19355999999999796,0.19357000000000113,0.19359000000000037,0.13165661659043013,0.1935500000000019,0.0013699999999943202,0.19355999999999796,0.19355999999999796,0.13167806516412928,0.19357000000000113,0.0050976539559778235,0.13170647476830838,0.01001927099779506,0.13163742597054862,0.19359000000000037,0.004278889699316034,0.000704350078185645,0.13169800843528354,1131
0.008721467766376443,0.004033812805442587,0.2476194055400336,0.010776107831683458,0.24764767957726083,5.35012723087451e-05,0.15866427701281327,0.0002782385530131844,0.24764729960166973,0.24763430497408243,0.2475976302390661,0.2476270455745915,0.24760564937012217,0.0020516940968691457,0.15863003750866086,0.24765455800368444,0.010864520237909668,0.2476117672890285,0.24764156456459,0.24764118256057077,0.15865910783815163,0.15859062929441653,0.010909285036149503,0.002760000000002094,0.2476346873925366,0.1586214780538885,0.2476618165967381,0.1586385971319717,0.15867122801566466,0.15863164911201483,0.15855978083990238,0.24764233099371466,0.24761902552105552,0.24765493837191635,0.24766143664285198,0.15862486721822222,0.2476339233626966,0.00813328579892802,0.2476480603598514,0.2476335425583526,0.15865232711812688,0.24764042097363773,0.00014244581709700214,0.15865072328860938,0.00014255683922948344,0.1586230884833556,0.24765417844244067,0.0014789794014392346,0.005586242028417593,0.15866266889220723,1131
0.0028267010304574634,0.0037806084166424315,0.2534929091475539,0.000738715325436299,0.2535010723154722,0.0008310046975437453,0.16004426418962764,0.006716107503607011,0.25348753198044616,0.2535240714015435,0.2534664762690995,0.25351526044206507,0.25350236789862085,0.004772520898065362,0.1600059652013005,0.2534963429399404,0.009231762654499515,0.2534705578530461,0.2535328823610344,0.25351934202600834,0.16004137964913648,0.15996478112384602,0.009178639643819543,0.0017507141400024571,0.2535376117365695,0.15999639058429097,0.2535051538994188,0.16001553987035372,0.16004334694075883,0.16001646165316455,0.1599331716686658,0.2535599630310807,0.2534793688125404,0.25350988327495394,0.25349161356440864,0.16000307997035398,0.25351053106652993,0.003251983370431364,0.2535146126504857,0.25349699073151305,0.16002800004998669,0.2534922613559813,0.002330763404931979,0.16001751185417065,0.010120000000000573,0.1600068864143037,0.25348280260491435,0.004469330297026309,0.0008899666167519505,0.1600337726856401,1131
0.0020725615640751105,0.02719846593952631,0.12369091510332253,0.01163909360732579,0.12369205377409051,0.0008497514358292317,0.16631229208931503,0.013779526051224957,0.12367792310328712,0.12371974578029563,0.1236688650940499,0.1237123957772184,0.12370447643874434,0.009850117637414205,0.16627503510750527,0.1236852731063796,0.0017394132604993406,0.12366943442943147,0.12372709578338811,0.12371296511258473,0.1663086534128674,0.16623413909303406,0.0017645110939891841,0.007151254476469966,0.12373387645109901,0.1662657210612077,0.12369262310946727,0.16628434923348348,0.16631389749507494,0.1662827477521367,0.16620255714037935,0.12375535712499489,0.12367678443252396,0.12369940377716773,0.12367849243866869,0.16627139561572737,0.12370561510950749,0.0045559286591933465,0.12370618444487864,0.12369148443870893,0.16629730304487964,0.12368470377099802,0.007486090430260062,0.16628959829166082,0.009567908506108561,0.16627343293503608,0.12367114243557621,0.010618561141678138,0.022117090676666885,0.1663045838213767,1131
0.01886007688214022,0.0027905611576494456,0.2554167238064104,0.011563247569877238,0.2554438685895647,0.006338517176750537,0.15269694037537254,0.005568523089103434,0.25543989547445484,0.25543824498300416,0.2553904048706651,0.25542947147892353,0.2554071259773312,0.00477216729309243,0.15266083322188603,0.25544866822906287,0.02197400737235375,0.2554039774553175,0.25544701857723584,0.25544304355374026,0.15269263800196675,0.15262042360051456,0.021988026287057403,0.004626402490055936,0.25544222047265336,0.1526518067367746,0.2554574410738448,0.15266985982832817,0.1527008244902448,0.15266597951082303,0.152589040563205,0.2554549707874202,0.25541275026904536,0.2554526415991775,0.25545346816984615,0.15265652983085945,0.25543427021447807,0.006325377620177084,0.25544784242580143,0.25543029616707685,0.15268318997191158,0.25543509567011613,0.0020057137276328846,0.15267805212276025,0.002049555266299101,0.15265695201988058,0.2554446955800828,0.004478256698079614,0.004080924694162478,0.1526917984044974,1131
0.008963611222493357,0.0016888545643815795,3.1514987709113544e-05,0.03236505252573615,2.533540427104493e-05,0.0014503826516041353,0.020504166131067675,0.00405879292400283,1.1534926478513006e-05,5.6026151556921976e-05,1.5448958623784125e-05,5.0670808528478836e-05,4.8405257216069687e-05,0.004717191131317575,0.02053292268496538,1.6890269520567173e-05,0.00011425979658120283,1.2359166888138476e-05,6.138149458536511e-05,4.758101680044359e-05,0.020497215139195172,0.02055472824698581,9.365157287128524e-05,0.0016899999999964166,6.98266293418435e-05,0.02054011182344236,2.2245612535399286e-05,0.0205257335464884,0.02053220824515195,0.020497691432399014,0.02056934467053914,8.898245016281856e-05,1.7714509930192646e-05,3.069074728587704e-05,8.445134756478387e-06,0.020525971693092875,4.2225673778001074e-05,0.0011850677851980435,3.9135882049965826e-05,2.842519599307955e-05,0.020525495399874045,1.9980061228990765e-05,0.002129538039952217,0.020560726652445523,0.002762263564531978,0.02050488057087089,3.089791722034619e-06,0.004414053223534002,0.005590340890666497,0.020539397383628935,1131
0.005653483189143054,0.0008895536820428684,0.22799067524791689,0.03814018877772404,0.22801883781828883,0.0035635412365658996,0.17618061925194614,0.012978496820826923,0.22801752783503476,0.22800737926654593,0.22796758826640848,0.22799968267522303,0.22797790506977056,0.01044629944551701,0.17615078597610517,0.22802522338548856,0.004915796648508679,0.22798166965788658,0.22801507603665078,0.228013763838939,0.176173958631798,0.17611429385486932,0.0049432672104308675,0.0018099999999918737,0.22800869193958545,0.1761433282869398,0.2280329191147587,0.17615824391722473,0.17619314515610177,0.17614571950517893,0.17608526031442237,0.22801770304079919,0.22798936510284606,0.22802653376306722,0.22803160921241353,0.1761441242278574,0.22800606746313423,0.006596246341697427,0.228020148671117,0.2280047565293344,0.17617236361017816,0.22801114205231723,0.003698118651477083,0.17617743612619424,0.0011898987624876316,0.17613826046602768,0.2280239138774742,0.009630417623235358,0.007249025004832309,0.17618568755718586,2560
0.021416338982604304,0.0023547897870653707,0.07743066114295258,0.0394255292690493,0.07744222450655702,0.005312707246338854,0.14435816320038944,0.00561727197413995,0.07745513079011887,0.07741063025762114,0.07744134804559702,0.07741419255849598,0.07741197317758519,0.014512534350899612,0.1443405889753003,0.0774515684892374,0.0197957571308113,0.07744712972740256,0.07740706795673302,0.07741997424030815,0.14434918006822622,0.14431403161804798,0.019798908553956378,0.0029563430411189166,0.07739772397405266,0.14433619541902726,0.07744800618836256,0.14434498253157027,0.14438071904057112,0.14432242669137268,0.1442918678170687,0.07738125538960268,0.07744356742651444,0.07743866220568062,0.07746091247192441,0.14433160584313712,0.07742353654118299,0.010394056481278377,0.07742931822298853,0.07743644282475148,0.14435835921999066,0.0774457868074385,0.0022452302450769847,0.14437652150390237,0.0096319285303058,0.1443180331350996,0.07746447477280588,0.014830755232098059,0.0024940128307510555,0.14437632548429807,2560
0.011958658318226794,0.0022282953125636277,0.07655952455443103,0.014999883818048083,0.07658763346651366,0.007860101780519498,0.17169665925696173,0.0032485895437421365,0.07658920681140569,0.07657043946589114,0.07654080545696508,0.07656419594040517,0.07654389851582305,0.014584052941621593,0.17165831759632771,0.07659544699262857,0.00987442935775897,0.07655485941466714,0.07657668378821327,0.07657825082880962,0.17169381031359549,0.17161712647635696,0.00992443124225329,0.013149999999995998,0.07656887357144856,0.17164873229943473,0.07660168797095479,0.1716679029405403,0.1716956242890367,0.17166894215320527,0.1715855206595265,0.07657355744642338,0.07656109847696645,0.07659387508149715,0.07660326102719749,0.17165546801660994,0.07657200794024625,0.009914550563256658,0.07658606270072649,0.0765735789943265,0.1716803381287455,0.07658139264861107,0.00015734537958615142,0.1716697212673265,0.009658567552713576,0.17165935628447937,0.07659702148256582,0.014880120967248257,0.0023051842123721954,0.17168603932760815,2560
0.022356048398590813,0.002305862094751107,0.0008164178349226559,0.0012062429274112376,0.0008325857061046916,0.0070891854981445165,4.1231056252030715e-05,0.005372139847168387,0.0008441895841323299,0.0008012940144479054,0.0008216977485685891,0.0008030539856632165,0.0007967300212980015,0.010306367769395683,9.999999988963282e-06,0.0008424296129100244,0.035986911509599456,0.0008297816841656053,0.0007995340432325943,0.0008111379212672272,4.4721359545125105e-05,3.781692230547861e-05,0.03601773035603258,0.01570054099219831,0.0007896901364272616,1.3732293437044401e-05,0.0008406696416947133,1.4142135618171266e-05,3.6055512760172334e-05,4.4721359548302746e-05,6.190155115807594e-05,0.0007763262871773177,0.0008280217129407987,0.0008308257348893806,0.000852273519726845,1.9999999992137418e-05,0.0008128978924825382,0.0030510484939376085,0.0008209818280700587,0.0008245017705101764,1.9999999999242846e-05,0.0008343456773225038,0.01726153866560703,2.5668219581624783e-05,0.00989588854511311,4.123105625547735e-05,0.0008540334909446572,0.011037393154508366,0.004780000000003781,2.828427125141542e-05,2560
0.0885489673470349,0.0010018865129312082,0.000991731347604458,0.07495744125836042,0.001008570834712473,0.022491386296057014,0.12358140436356695,0.00313696184019129,0.001019933401252313,0.0009774259580710893,0.0009961455820905686,0.0009788973695657626,0.0009719490375050051,0.01831138765668251,0.12355253822110643,0.00101846198975764,0.009950266859835993,0.001004565325641062,0.0009759545465743251,0.0009873171131232843,0.1235744818196906,0.12351674953476442,0.00995826063933717,0.013810395803758677,0.0009660633915291582,0.12354532168549631,0.0010169905782679038,0.12355975475672167,0.12359495545957647,0.12354620366071214,0.12348817738403253,0.0009532294134834349,0.0010030939141463888,0.001007099423222737,0.001028353144809835,0.12354561567722495,0.0009887885246130203,0.03343920509147692,0.000997208268170542,0.0010001510911549515,0.12357389383619828,0.0010100422462071463,0.047493374693429236,0.12358022839660754,0.012868780395053356,0.12353898712508707,0.001029824556306599,0.017707233646571834,0.003057482522758258,0.12358773892396124,2560
0.02091144928571766,0.01263249755964579,0.001152285262941151,0.01942969267832502,0.0011628675890780137,0.008950697596414287,0.12458833036837057,0.028764596422069733,0.0011759826031186337,0.0011313463979260527,0.001164021039406628,0.001135258323403973,0.0011338790858353694,0.025819231338038866,0.12455987385310725,0.0011720706776341741,0.005178861290399201,0.0011693122024783289,0.001127434472435054,0.001140549486482213,0.12458130262540759,0.12452438959488096,0.005172232157363183,0.00029847824716567207,0.0011182313838854327,0.12455275972429641,0.0011681587521441554,0.12456698798192807,0.12460229946844865,0.12455301888183494,0.1244960194654655,0.0011012044443482547,0.001165400276981771,0.001158955663594534,0.0011812737661903345,0.12455284611014428,0.0011444614119666728,0.019530490440308426,0.0011497525750318344,0.0011575764260063127,0.12458112985369683,0.0011667795145690123,0.016736983001719673,0.12458798482496915,0.037146426476853844,0.1245459047530241,0.0011851856916813334,0.02652065581139955,0.017543034427377313,0.12459518533963278,2560
0.044530589121347136,0.03866762168179006,3.6055512750318875e-05,0.009361415621716003,9.999999988963282e-06,0.021419411191292585,0.1816443797987662,0.056098963120577404,2.2360679766207264e-05,3.0000000002416982e-05,6.324555319423246e-05,3.1622776600486626e-05,4.9999999995975485e-05,0.028255336127894777,0.1816126386202408,1.414213561314697e-05,0.03909384768579233,5.0990195138177946e-05,3.1622776604980495e-05,1.9999999999242846e-05,0.1816382944804414,0.18157481212339063,0.039090301093457416,0.02998629597267535,4.123105625547735e-05,0.1816047033256123,9.255663642731105e-06,0.181620573914875,0.18165470045910645,0.1816102532545291,0.18154492092116897,5.763488309664642e-05,4.123105625547735e-05,0.0,2.236067976938491e-05,0.181606553301916,2.236067976938491e-05,0.011692116596311199,1.0000000003174137e-05,2.236067976938491e-05,0.18163459452782266,1.9999999992137418e-05,0.002575590444842153,0.18163697989354002,0.03823469680326339,0.18160231795989493,2.8284271241366826e-05,0.028956008154126113,0.04302010572292917,0.18164676516447792,2560
0.021149723402447383,0.008102430202034413,0.03702552097442693,0.007310598293343685,0.037021455396900424,0.00011787003218341198,0.1329007457918455,0.005516526372838502,0.03700746012020164,0.037051478739052734,0.03700757724252788,0.03704549749509491,0.03704154903988326,0.005003296083509433,0.13286197259161467,0.037013441364170854,0.0012521678810776297,0.03700554445376463,0.037057459983024746,0.03704346470632028,0.13290320341956388,0.13282565701909538,0.001203861631855181,0.0038302271592070775,0.03706547401574582,0.1328522792915639,0.037019422608128676,0.13287166589167587,0.1328836796086602,0.13288873207486804,0.13279903474662683,0.03708545053641381,0.03701152569772815,0.03702743664086394,0.0370054273314299,0.1328644302193262,0.03703748346236246,8.527432167871035e-05,0.0370354506735907,0.03702348818566367,0.13287890156402205,0.03701547415292841,0.0009216255472053932,0.13285214208077217,0.009581320368300322,0.13287903877481377,0.03699944608746638,0.00489927678784144,0.013521334993253831,0.13287398630860253,3015
0.014471701014195619,0.009734880290742338,0.015394561287306183,0.013818451619953811,0.015392253737325433,0.0010499999999993292,0.03811924579526017,0.0056155945253687795,0.015378158745190051,0.015421597496585504,0.015375149461596512,0.015415126888014354,0.015409810054425455,0.002112425028058875,0.038086586877791435,0.015384629353766619,0.010847074800215167,0.015373995686603428,0.015428068105152876,0.015413973113015853,0.038125018032777375,0.03805972411880817,0.01089094548016947,0.0011899999999940292,0.01543569248871169,0.03807842433714661,0.01539109996233235,0.038094750294492705,0.03809376983182305,0.03812024396564018,0.03804104099521697,0.015456258089429057,0.015380466295165382,0.015398724345887387,0.015377004970202383,0.03809236406420182,0.015407502504459316,0.0040112466889993615,0.015406348729457037,0.015393407512318517,0.03809714162506149,0.015385783128754283,0.005127075085628798,0.03806349563557743,0.0024063209089285847,0.038112083385721265,0.015370534361625818,0.0018439420219827395,0.00020645860016777777,0.038085600953637506,3015
0.03668120635965752,0.0016964000373547205,0.02513206820287998,0.004536794022218847,0.025134654588085687,0.022134771288632213,0.15226398720643286,0.012929582539752488,0.025148737473191848,0.025105195625275977,0.025151252741631283,0.025111590471520357,0.025116692125170967,0.0028786802531681945,0.1522278745828147,0.025142342626942007,0.017207180997715097,0.025152545934239604,0.025098800779022514,0.025112883664137758,0.15225968770492185,0.15218746236139546,0.0171555961668396,0.013799307953655929,0.02509111274017528,0.1522188467306274,0.025135947780694005,0.15223690255651562,0.15226786134966633,0.1522330322236265,0.15215607809088694,0.025070635008810193,0.025146151087986138,0.025128259741846775,0.025150030665794704,0.15222357406131531,0.025119278510376673,0.024142777387871538,0.02512057170298499,0.025133361395482834,0.15225023119850922,0.025141049434344614,0.01795405525221757,0.15224508202237919,0.018360787020170063,0.15222400336346692,0.025156425512048167,0.003221490338336254,0.0036613859107621502,0.15225883389807088,3015
0.009406986765164955,0.00048208882639284487,0.08334741747648965,0.0016524447945515657,0.0833731515537298,0.0036265178483162216,0.11940706595508432,0.002865889010660003,0.0833672849503957,0.08337202528426027,0.08331931408743704,0.08336265650758173,0.08334042236514222,0.0021645850751474027,0.11937680260420001,0.08337665200762723,0.0022268787707755574,0.08333218165870272,0.08338139420757985,0.0833755221872674,0.11940052805578945,0.11934000377074701,0.0022006319541090567,0.0028912690836258898,0.08337789875020873,0.11936923766198243,0.08338601921185138,0.11938436790469138,0.11941911739751654,0.11937231881805979,0.11931077109800682,0.08339314420263134,0.08334154906167468,0.08338251915119545,0.08338015351389776,0.11937026304738395,0.08336615380357452,0.0015702865980459528,0.08337902014295497,0.0833602843085394,0.11939847277080337,0.08336378410317459,8.967924228700184e-05,0.11940296562481979,0.0017397011200203148,0.11936475191613821,0.08337078685007512,0.0017298632472934723,0.0002914219175506021,0.1194115526236941,3015
5.727714974393354e-05,0.004415934578467081,0.20311174765525955,0.013692603797806532,0.20313174675334458,0.0008835899217126518,0.1416017980111795,0.004041447760389967,0.20314174720427544,0.20310174630242966,0.2031117490080903,0.2031017467533756,0.2030917476552755,0.005745928993643289,0.14156390641685218,0.2031417467533366,0.031525775168902044,0.20312174855713633,0.20310174585148372,0.20311174630242168,0.1415985949789001,0.14152281123550156,0.03151793140420333,0.0028500000000022396,0.2030917458514988,0.14155443369955015,0.20314174630239065,0.14157337920668608,0.14160193854605066,0.1415732435878977,0.14149118877159264,0.20308174494961487,0.2031217481061904,0.20313174630240574,0.20315174675332864,0.1415607025272162,0.20311174675336763,0.00014343657218230218,0.20312174630240662,0.2031217472042985,0.14158605616372708,0.20313174720429053,0.0018799999999998818,0.14157672831365734,0.005272760638871747,0.14156377008260013,0.20315174720426746,0.005632051136131988,0.004735449812554452,0.14159246625438324,3015
0.008685718162592703,0.002322434067955849,0.08189932723819407,0.011401337640823874,0.08189028546620315,0.0005383377099458267,0.19252303160920636,0.009028510397621533,0.0818768854068832,0.08192160647084167,0.08188600847821843,0.08191716688418736,0.08191724818351263,0.009399856381882173,0.19248303431731342,0.08188132499355023,0.00014046439188013937,0.08188148759221345,0.08192604605750234,0.08191264599817602,0.19252291551916478,0.19244292088824838,0.00012041700751635278,0.005776951903060384,0.08193500653015524,0.19247303499451962,0.08188576458020454,0.1924930336401847,0.19251338369059165,0.1925026862150233,0.1924128072660437,0.08195284617614855,0.08188592717887412,0.08189472505285746,0.08187236452088459,0.19248291820314872,0.08190820641152172,0.0006978202264851247,0.0819036855255231,0.08189480635220177,0.19250314958462295,0.08188584587954248,0.00012836436986840083,0.19248350396852207,0.018612965910891136,0.19249268687407645,0.08186792493422392,0.008594562234346324,0.0019784324586323886,0.19250338438583292,3015
0.007202235911481576,0.0021766488003414682,0.007191966917429274,0.008139878534629866,0.0071857432465949915,0.012462783921195212,0.0588620191634613,0.0032657942031221105,0.007199538770520775,0.0071612640341662615,0.007217327956437018,0.007169717713829183,0.007181283228922531,0.001135074736840091,0.058837441310782675,0.0071910850908464665,0.019520922273199827,0.00721421612102557,0.007152810354491953,0.0071666058784297495,0.05885413154570706,0.058804986183142754,0.019571223685414144,0.0055586395641532595,0.007147468510236683,0.05883129949270269,0.007182631411179748,0.0588435841872334,0.05887954228761917,0.05882606225134279,0.05877867810693893,0.007125219306640388,0.007205762441355058,0.007177289566940288,0.007196426935101735,0.05882955039773379,0.007175059558084453,0.014457838350345508,0.0071719477226730045,0.0071888550820102355,0.05885761802858416,0.007194196926265505,0.005010359268554014,0.058869011372704866,0.001467887759443844,0.05881991584488319,0.007204880614772248,0.0008536993318442704,0.0021300000000010755,0.05887339976593253,3015
0.1270930497706291,0.038802891644818725,0.22991234525357365,0.07014478241465842,0.22993995846742193,0.10775816488785661,0.08803122684592446,0.12661048376813067,0.229943020985629,0.2299200289230933,0.2298962305041116,0.22991465590518317,0.2298954764670213,0.07845734932599585,0.08801194521199233,0.22994839290588268,0.1702943434175,0.2299100367534992,0.2299254022503752,0.2299284627878795,0.08803998750567325,0.08800144203363579,0.17034711650039092,0.10679092892189153,0.2299169687082673,0.08800712698412029,0.22995376513550603,0.0880167643122548,0.08800012329536629,0.0880478699344859,0.08799576808005966,0.22991928366276437,0.2299154081395941,0.2299453308940997,0.22995682746985233,0.08802070779083312,0.22992308996705837,0.12282920865982747,0.22993689677821558,0.22992615184010215,0.08801282292939126,0.229934586350116,0.12217266347263754,0.08797689753565407,0.09303473437378383,0.08804305140100768,0.2299514557466394,0.07843652326227003,0.034330070978702186,0.08799530101090285,3557
0.029965623637760383,0.005751043383595024,0.11839042554550926,0.04171424816534707,0.11839638846405501,0.004777661522715053,0.08811214048018333,0.0049511153961613865,0.11838256417743716,0.1184210555780238,0.11836521692666827,0.11841265270508336,0.11840126837284827,0.000966814964608131,0.08807263649965195,0.11839096705038955,0.03038783422326407,0.11836819838593132,0.11842945845096811,0.1184156341643464,0.08811057144292887,0.08803156252163198,0.030396512416648078,0.0010411563505602944,0.1184348798646455,0.08806276057449318,0.11839936992331807,0.08808251245281538,0.08810697872473053,0.08808768358856663,0.08800036477196838,0.11845710702421959,0.11837660125888756,0.11840479133699547,0.11838554563671215,0.08807106675861112,0.1184072312914098,0.015384410940942278,0.11841021275067286,0.1183934070047881,0.08809395893022057,0.11838798559111072,0.011072566035419996,0.0880789265375083,0.004091589907336853,0.08807780707987747,0.11837714276375591,0.0015146210332788526,8.081989859758676e-05,0.08809710324408836,3557
0.01216484980254375,0.005516593151581877,0.034314184897834846,0.013545161698245134,0.03432394469549129,0.01022615748533908,0.13670080687399327,0.013064502052986076,0.034310671165898275,0.03434561185580444,0.034286954755241204,0.034336535141616144,0.034322578528599636,0.0011837095237416757,0.13666332719497645,0.03431974788010245,0.004471107245411079,0.034291834654050564,0.03435468857001159,0.03434141504042849,0.13669731416527722,0.13662235432022563,0.004496721027591354,0.004699999999999704,0.03435888538539745,0.1366539574985013,0.034328824594290736,0.13667269698078693,0.13670191951834973,0.13667158922029146,0.13659075115102176,0.03438123562918173,0.03430091136825771,0.03433302140967958,0.03431555106472352,0.13665983352836666,0.0343323383262402,0.0048102282965350384,0.034337218225055526,0.03431906479666307,0.13668556068583085,0.03431486798128414,0.0,0.13667730828488336,0.001597059798498335,0.13666221862680664,0.03430647435052233,0.001860000000000639,0.0053885802430342945,0.13669255027250224,3557
0.01846674447740707,0.0011221719043776276,0.07229341663038781,0.00632651498658488,0.07229824695515864,0.01026710776297606,0.09078186603061167,0.0004800000000031446,0.07231218133675399,0.07226796302957143,0.07231069545921406,0.07227372263917085,0.07227706708640175,0.0040576781955069035,0.0907495983462194,0.0723064217271464,0.002339999999996678,0.07231311062160238,0.07226220341995801,0.07227613780156736,0.0907759577200901,0.09071142430807724,0.002359999999995921,0.015503014557281989,0.07225402864796789,0.09074153238732925,0.07230066211754696,0.09075766469009992,0.09079152934057229,0.09074800548771866,0.09068131725994795,0.0722343346567533,0.07230735101198897,0.07229248734555103,0.07231459649914232,0.09074368793475283,0.07228189741116678,0.013079463200088985,0.0722843125735551,0.07229583179277031,0.09077164149666377,0.07230400656477207,0.004020199000046635,0.09077324716016269,0.004206647959699534,0.09073993718313668,0.07232035610875573,0.004526725563255735,0.00012808325327419082,0.09078346380260853,3557
0.05675979034492271,0.021211487453739023,0.17363632474074567,0.013363143342788368,0.1736487366448681,0.03023047753235784,0.02846241783396773,0.006968104259122477,0.1736614443653147,0.173617115251908,0.1736460773933333,0.1736203661361025,0.17361741106824352,4.300620529511423e-05,0.02846940465685963,0.17365819348111813,0.004197041123134005,0.17365228334539345,0.17361386436771142,0.17362657208816473,0.028472264103274796,0.028486237749043363,0.004177086475785345,0.033449908871980016,0.17360440753145467,0.02847115136257468,0.17365494259692366,0.02846765795112935,0.028434625731792052,0.028495450053320263,0.028501324135510805,0.1735884489268115,0.17364903246119226,0.17364548576067154,0.17366765031737486,0.028479250926151462,0.17362982297235924,0.040718391422052996,0.17363602892441476,0.17364253069280583,0.02845606497612123,0.17365198752905794,0.03863091508104803,0.028430019579660598,0.016809811363049366,0.02849719675903655,0.17367090120157144,0.0005033710458627884,0.010592247164790939,0.02843637243752109,3557
0.01878783915196691,0.005858072877975356,0.06899574262228644,0.011545321933277614,0.06902383428933268,0.00774855271718726,0.14803878464872794,0.00047344347201132747,0.06902548297549652,0.06900649896930035,0.06897714983964759,0.06900029710081686,0.06898005001448518,0.001452489036785185,0.14800918285145984,0.069031681132657,0.002075765158441374,0.06899119509038691,0.06901270172946661,0.06901434343671171,0.14803205907440395,0.1479728554798773,0.002040406976501209,0.005719814257757361,0.06900485852460497,0.14800178240214865,0.069037880181824,0.14801658330078057,0.14805156092236865,0.1480038070271346,0.1479439285576059,0.06900942689228007,0.06899739197969802,0.0690300340431635,0.06903952853258179,0.14800245727713582,0.06900814227322265,0.0009490307538581584,0.06902218846139238,0.06900978843613884,0.1480307093244052,0.06901763542748321,0.00013891284910075077,0.14803608514874,0.0011101890359131957,0.14799640657781385,0.06903333108000007,0.0019078551443142302,0.00543989786139168,0.14804416047304791,3557
0.009561872338653755,0.004036430871031955,7.000000000090267e-05,0.014758021098205065,9.219544457444806e-05,0.00037595112599603155,0.014162380003473375,0.01002941603007777,0.00010049875620775775,6.70820393208653e-05,7.61577310576219e-05,6.32455532032202e-05,5.000000000165983e-05,0.004314296054369484,0.014162372453089812,0.00010198039026938844,0.001893692642122144,8.24621125109547e-05,7.211102550654982e-05,7.61577310576219e-05,0.014152380003647321,0.014152364902894404,0.001888011568565907,0.003637925232877563,6.403124237467862e-05,0.014162370565504578,0.00010440306508413217,0.014162374340689255,0.01419237811533788,0.014132376228810539,0.01414235924028423,7.21110255124619e-05,8.062257748037397e-05,9.486832980370682e-05,0.00011180339887552334,0.014152372453263756,7.280109889541713e-05,0.0019633821484212094,8.544003744869331e-05,8.062257748037397e-05,0.01417237622808633,9.055385138186931e-05,0.006422622748138672,0.014202372452379812,0.011235796832706273,0.014132374341211094,0.00011045361017155085,0.004952006589464167,0.004348144655762602,0.014192376227738437,3557
0.05948828456091575,0.00809018303516945,0.0009749932126453373,0.02235488609203963,0.0009894699475925368,0.0017324591750871516,0.1394924679207634,0.005995640082590905,0.0010016721313940156,0.0009579127784852256,0.0009822692813952901,0.0009604410751419848,0.0009555903626466118,0.007777996974607236,0.13945546887996446,0.0009991406929624462,0.009326087871668257,0.000989545350145243,0.0009553678454941529,0.0009675835238620067,0.13948866766600942,0.13941466958439422,0.009316836888444516,0.006966170519696688,0.00094569710012786,0.139446219119764,0.0009965957599749904,0.13946471864016613,0.139494618924829,0.13946256763609394,0.13938312004903103,0.0009309364887656787,0.0009871199938975563,0.0009869250146050809,0.0010088114383392274,0.1394516686252051,0.0009701284568494627,0.013014394593677467,0.0009772542692282997,0.0009822692813952901,0.13947776865511405,0.0009919707063998228,0.026988731680577215,0.13947066989897916,0.007318322413765578,0.13945331787589885,0.001011356371333555,0.007046505295173102,0.005825663803389415,0.13948536916462737,3579
0.004104847745365071,0.0046994176717455455,0.007216342563936281,0.011372364357617001,0.007241684886826953,0.008773709268521045,0.19980165890202184,0.006290310008255506,0.007247965231706692,0.007216494994109917,0.007206837031604046,0.007213272488965372,0.0071973884152579,0.024316194202815247,0.19976615454075403,0.007251158528128037,0.021504172157765032,0.007219480590734732,0.007219729911847697,0.007225960143818739,0.1997970535318259,0.1997260448714698,0.021525302015764112,0.009298330808858023,0.007210270452630884,0.1997572787159502,0.007254364203704743,0.19977503047178227,0.19980660174278628,0.19977009035388255,0.199694811149411,0.007207336539947941,0.007222644944894497,0.007244894754242238,0.0072606335811751035,0.19976154835202853,0.007222741861655318,0.009115580230780924,0.007235426732405155,0.0072290109973660605,0.19978851268278192,0.007238487411060614,0.004918638022867943,0.1997845832390481,0.02185000000000059,0.1997612137027601,0.007257444453805534,0.024284164400670834,0.003261424820102612,0.19979772621328623,3579
0.02703438551179296,0.003996473642471977,0.045505889496467576,0.010044140846859017,0.04550354989775257,0.014237073227143723,0.09994276211913063,0.0032119002765490993,0.04548945622649866,0.04553290703961332,0.04548650368862608,0.04552644510368201,0.04552115296708359,0.0027510272537892124,0.09991736836006704,0.04549591816244457,0.02908268578617784,0.04548533388925856,0.045539368975568414,0.045525275304299895,0.09993503689898073,0.09988425501549793,0.02911322743175634,0.0070111017657912555,0.045547000710876424,0.09991102141406533,0.04550238009838506,0.09992371590369188,0.09995959233610803,0.09990688664951859,0.0998574914565764,0.045567556318076255,0.04549179582521366,0.04551001183369307,0.045488286427136565,0.09990964117641916,0.045518813368368584,0.02094613650076112,0.04551764356900649,0.045504719697105483,0.09993779064998147,0.04549708796179748,0.012937546888666477,0.09994828112579571,0.0010600000000025034,0.09990053703559483,0.04548182449118147,0.003475890398749711,0.00018301352597207266,0.09995324506988507,3579
0.006863313891078041,0.002314422374326917,0.03477478746518593,0.021084838154459745,0.03477090183095611,0.008048762239878993,0.15712203951069612,0.0025000337328222326,0.03475689378107473,0.03480086074783952,0.03475668961603045,0.03479482813147049,0.03479073833218505,0.006807198235665684,0.15708377159974612,0.03476292639746367,0.01468779811683661,0.0347547467989127,0.03480689336423703,0.03479288531434708,0.15711912932549132,0.15704259294854175,0.014703771727107138,0.00032735921013483265,0.03481486879772947,0.15707420475686767,0.034768959013846946,0.1570933384965835,0.15712120703457413,0.15709417557630873,0.1570109811446332,0.034834909464008364,0.03476077941530164,0.03477693444733938,0.03475495096395699,0.15708086070556437,0.03478685269796381,0.01693767988834009,0.034784909880840396,0.034772844648073856,0.15710581656959735,0.03476486921456717,0.0051129355234014575,0.15709542100265392,0.0016407112111564955,0.15708460809385907,0.034748918347568054,0.0061366754580276005,0.0022284864266573735,0.15711164056173735,3579
0.010294449961019681,0.02295999999999765,0.001254830665865104,0.03495112158429461,0.0012731849826292554,0.011954441489774521,0.1954077073710229,0.01670112733170616,0.0012839003076496667,0.0012425779653562282,0.0012578155667639372,0.0012432618388685374,0.0012349089035217813,0.05249981523776233,0.19536934892659052,0.0012831601614695476,0.02504526612241475,0.0012666885962962138,0.0012419742348327683,0.0012525573839136765,0.19541054270432714,0.19533382758754508,0.02507362610641043,0.0035777461877304455,0.0012319902597010244,0.19535975941836473,0.001282497563344509,0.19537893847598073,0.19538961410474534,0.1953970363132477,0.19530789743377056,0.0012210241602810623,0.0012657013865782633,0.0012725171904515492,0.0012931357237315145,0.19537218481657062,0.0012532358118066311,0.023174824702680976,0.0012625371281616805,0.001263962024740083,0.19538569292555893,0.0012739309243412732,0.008796141199411764,0.19535801007381307,0.040600714279427,0.19538744714029638,0.0012938701634982474,0.051755542698338465,0.0226763136333949,0.19538002405568514,3579
0.1132221696488824,0.012578688325887823,0.11791002138592396,0.07022058174068697,0.11792548151368405,0.08311166283981478,0.031895471539115594,0.09927312828756872,0.11793732406883187,0.1178940663395177,0.11791619012281253,0.11789612258514491,0.11789044876689554,0.05410813247562115,0.03186197681843307,0.11793526782319771,0.1443772004161253,0.11792392018669898,0.11789201009388353,0.11790385264902843,0.03189000514355885,0.03182301570218008,0.14443051097326465,0.08113030075132525,0.11788222378436988,0.03185360313826301,0.1179332115775705,0.031870350498601305,0.031903497045615764,0.031862324992101135,0.03179242826611087,0.11786832498359083,0.1179218639410619,0.11792342526805684,0.11794505413271539,0.03185651042287633,0.1179059088946626,0.09932146847484587,0.11791363895853917,0.11791775144980053,0.03188419057432033,0.11792753775932113,0.10071748855089172,0.03188384240065822,0.06602089972122611,0.031853951311932895,0.11794711037834955,0.05389091945773264,0.013761072494742621,0.031895123365439766,3579
0.026950988269808917,0.0,0.028440395113646738,0.003463466471613316,0.028436293121363775,0.006014790091122732,0.20777212020977742,0.012723969506408002,0.02842230050134973,0.028466329357527652,0.028422482677846438,0.02846035854559422,0.028456438729802268,0.03052224019894291,0.2077622497557468,0.02842827131328316,0.003893420286711345,0.028420431681699256,0.028472300169461087,0.02845830754944704,0.2077624294469829,0.20774268853889588,0.003910325913957214,0.0011561139386968497,0.028480321977536,0.2077597821422297,0.028434242125216596,0.2077647173692519,0.20779872488465592,0.20773811269435788,0.20772559493557582,0.028500285409489182,0.028426402493638394,0.02844226393329151,0.028420249505202548,0.2077525589929385,0.028452336737519304,0.0006765881016462478,0.028450285741372126,0.028438344117505256,0.20777687574554976,0.028430322309424643,0.001886265263459288,0.20780101280692492,0.006960007183896649,0.20773564508085454,0.028414278693269117,0.03022165779002281,2.446856399497762e-05,0.20779625727113882,6275
0.013360000000005812,0.0013287458344315598,0.058756146680279744,0.004510077604654117,0.058757249217010005,0.0020807515378215894,0.15064984367731593,0.0021338169810663794,0.05874311782984965,0.0587849607229764,0.058734122696985726,0.058777619395208244,0.058769726799080185,0.0006299999999939132,0.15061348213224518,0.05875045915761219,0.0,0.058734673965351245,0.05879230205073412,0.05877817066357377,0.150645677335924,0.15057295407874602,0.0,0.0023127278053697337,0.05879909211013192,0.1506043920342339,0.05875780048536509,0.15062257234558507,0.1506532561878442,0.15061916378734394,0.15054151620067832,0.058820564825070865,0.058742015293113785,0.0587645905447629,0.058743669098209564,0.1506093147849752,0.058770829335810446,0.0,0.058771380604175964,0.05875669794865009,0.15063583006708114,0.05874990788925229,3.999999999848569e-05,0.1506301570071543,0.0011274474621072457,0.15061007270431753,0.058736327770451846,0.0003299999999981651,0.0,0.1506441664984056,6275
0.0,0.002205368637832447,0.06455637764472826,0.0006958216109706901,0.06456881214492724,0.0019784677595492115,0.16200003024690843,0.010353598408283456,0.0645815143416279,0.06453719050140944,0.06456610506462718,0.06454043297470613,0.06453745819791572,0.0022437691503364872,0.16196008705850876,0.06457827186832447,0.017555634893513434,0.06457232231473232,0.06453394802810603,0.06454665022481801,0.1619994978387254,0.16191961122730059,0.017560738004115468,0.0011637012922615967,0.06452448830470878,0.16195010126579423,0.06457502939502106,0.16197007285298343,0.1619916454635869,0.16197846307456842,0.1618891216234103,0.06450854363468667,0.06456907984142891,0.06456556967162382,0.06458773159173305,0.16195955451902083,0.0645498926981147,0.001245163219893529,0.06455610994821524,0.06456259489482208,0.16198059173863794,0.06457205461823065,0.0,0.16196222337322894,0.014680275882964704,0.1619684771799766,0.06459097406503647,0.001438444880791558,0.0019008978573527503,0.16198165976430606,6275
0.0462119216220234,0.0016046565321719871,0.2112900000000053,1.9999999999242846e-05,0.21131000000000455,0.0,0.10995903964659134,0.005654095860525116,0.21132000000000062,0.21128000000000213,0.2112900000000053,0.21128000000000213,0.21127000000000606,0.00014309971379506458,0.10992775809594639,0.21132000000000062,0.0020148697228343396,0.21130000000000138,0.21128000000000213,0.2112900000000053,0.10995280851347188,0.10989024751997209,0.0020634921855925037,5.446679478855334e-05,0.21127000000000606,0.1099199385916931,0.21132000000000062,0.10993557795364271,0.1099699167954613,0.10992470377489981,0.1098605575263474,0.2112600000000029,0.21130000000000138,0.21131000000000455,0.2113300000000038,0.10992152518956635,0.2112900000000053,0.0013875518008290354,0.21130000000000138,0.21130000000000138,0.10994963074062261,0.21131000000000455,0.012493282194845585,0.10995269528302024,0.003324787238661806,0.10991688223380496,0.2113300000000038,0.0,0.0017462449080020356,0.10996209756093295,6275
0.008993334855196877,0.0038388149213086325,0.33364514952265895,0.0030669428738301714,0.333672406111145,0.0014600000000086766,0.13932405535298614,0.0,0.3336686290318551,0.33366633393255857,0.3336190409733835,0.3336576306635292,0.33363529939141284,0.0,0.139297122726933,0.33367733171433683,0.01411435085294073,0.33363266941352204,0.33367503727428505,0.33367125872630193,0.13931666267895343,0.13926280084790002,0.014158735819271316,0.0,0.3336701128360117,0.1392903905515487,0.3336860344695192,0.1393038552948296,0.13933950265449394,0.13928840906550743,0.139235212859394,0.33368259604000844,0.3336413721348033,0.3336811089947923,0.3336822575445099,0.13928972862347597,0.33366255558573116,0.003198827910342677,0.33367618374704755,0.3336587777955167,0.1393179819693058,0.33366370330019274,0.005085019452933815,0.13932670239405626,0.0024509997959977175,0.1392816750330095,0.33367355499050083,0.00014999999999787406,0.004552323221215287,0.1393327703736674,6275
0.029626005468173986,0.008100302463487587,0.17302746601982294,0.004007056276120463,0.17303331537287273,0.005747541993448571,0.028504216045777218,0.005518824520562481,0.17301947896194717,0.17305806351819306,0.1730023243886602,0.17304968297447867,0.1730383777542296,0.0039996249824247,0.02848104077267698,0.1730278595056773,0.01538645005982706,0.1730052490651791,0.17306644406191932,0.17305260765099373,0.028512366608327688,0.0284660160621231,0.015409358467033524,0.013204307569875668,0.17307189992911864,0.028475246954399028,0.17303624004939167,0.028486834590954937,0.028473970539867676,0.028517080096868597,0.028456785169831467,0.17309411688377438,0.1730136296089093,0.1730416959165871,0.17302240363847798,0.028489191335223332,0.17304422710727937,0.0031288797978985816,0.17304715178379831,0.17303039069635381,0.028484477846686538,0.1730249348291545,0.005176358598261586,0.028448438522494925,0.0024107467722655814,0.02851128627859064,0.17301402309475172,0.004177487283046326,0.0031095722689048555,0.028468176721601304,6275
0.02464976949553953,0.006038307534425267,0.0004064860701175673,0.0,0.0004026319838524699,0.0005483039638672077,0.10382083991183598,0.0022238580030465903,0.00038862175528459503,0.0004325794841336467,0.00038836129194818393,0.0004265378914237921,0.00042242334182228364,0.0022014540649325886,0.10378457881592698,0.0003946633480001117,0.0001955572114566593,0.00038643424881134247,0.0004386210768634111,0.00042461084828128854,0.10382506104019083,0.10375254454710942,0.00017111256002706965,0.00019234681515225156,0.00044658971271576927,0.10377551397126444,0.000400704940724214,0.10379364383236557,0.10379911463977054,0.1038153769920432,0.10372957967715742,0.0004666415340134084,0.0003924758415354447,0.0004086735765709101,0.00038669471214775356,0.10378880141903384,0.0004185692555571863,0.006127265382695387,0.00041664221242893035,0.0004045590269893114,0.10379848794659864,0.00039659039112270556,0.001917986154183755,0.10376769632211892,0.0,0.10380631291015394,0.0003806531194179892,0.002960000000001628,0.00030000000000995897,0.10379004817418493,6275
0.03672000000000253,0.03128751820454156,0.04900748408435845,0.011443185745237556,0.04900860707145714,0.00354999999998995,0.0773907035760805,0.00015109595934375254,0.04899447608687901,0.049036307547046395,0.048985445367193736,0.049028961308001925,0.04902105357538965,0.006198237669686323,0.07736745698290008,0.049001822325938735,0.011985032332036067,0.048986006860730236,0.049043653786111745,0.049029522801538425,0.0773825671582454,0.077336082781588,0.01203879146758435,0.001881604286359485,0.04905043853161971,0.07736164747470964,0.04900916856498882,0.07737326734732856,0.07740930435032033,0.0773546669568141,0.0773105225696995,0.04907191575525275,0.04899335309979558,0.04901595331050723,0.048995037580430764,0.07735931812005904,0.04902217656248352,0.0011113545601918004,0.04902273805602002,0.049008045577910206,0.07738721664460764,0.04900126083238698,0.002223821653730803,0.07740001679586837,0.009348636264181812,0.07734885390230407,0.0489876913413606,0.00571276242670324,0.03804158259692145,0.07740349410717992,7146
0.015694037084193202,0.011278834159606298,0.2688800000000029,0.01347108899414727,0.26890000000000214,0.0020160494074930946,0.11502448652352464,0.0053302234194486766,0.2689099999999982,0.2688699999999997,0.2688800000000029,0.2688699999999997,0.26886000000000365,0.002131953865764898,0.11499176535735411,0.2689099999999982,0.0115792584314248,0.26888999999999896,0.2688699999999997,0.2688800000000029,0.11501873586507584,0.11495329486361254,0.011535489247815882,0.002087928952580839,0.26886000000000365,0.11498358578510902,0.2689099999999982,0.11499994521738428,0.11503356249373754,0.11499087268126712,0.11492300465964062,0.2688500000000005,0.26888999999999896,0.26890000000000214,0.2689200000000014,0.11498601306246063,0.2688800000000029,0.003669999999999618,0.26888999999999896,0.26888999999999896,0.11501387742354913,0.26890000000000214,0.005077287531904752,0.11501478035452917,0.001045675473910096,0.11498269130612714,0.2689200000000014,0.002504032432734584,0.021378540642428383,0.11502538328560363,7146
0.0384591172545636,0.0019119512335855884,0.004718441569888638,0.05953645269916465,0.004722481160433186,0.003100443447439642,0.08699376816761374,0.0009920842975341723,0.004736478318243845,0.0046924670495211394,0.00473640761370829,0.004698455730792459,0.004702424616801451,0.002428387646895189,0.08696231655148529,0.004730489636972525,0.00016756386325610535,0.004738427408984818,0.004686478368241308,0.004700475526066168,0.08698759106907251,0.0869246903934699,0.00014664152452976485,1.8315263187260078e-05,0.00467846989170197,0.08695445474500585,0.004724500955701204,0.08697017879710935,0.08700444184063569,0.08695950896825261,0.08689492735482277,0.0046584840526001006,0.004732438727713498,0.0047164924791618665,0.004738498113520374,0.0869561372187173,0.004706464207331797,0.00044519254126446436,0.004708484002614017,0.004720461365156657,0.08698422040806851,0.004728469841704506,0.0055133474405278425,0.08698704098887701,0.00014850385747506022,0.08695164460779418,0.004744486794797384,0.0031980756700472966,0.0035815545587466577,0.08699658039256558,7146
0.031032436256273388,0.010430273246660241,0.0062386071844014,0.0161456000198217,0.006231648786069466,0.007625761898941602,0.11801299081033237,0.005561787502759847,0.006217941300042533,0.0062625429572850866,0.0062232647541084225,0.006257428813862235,0.006255793869590086,0.012666740610170589,0.1179942049424452,0.006223055443477596,0.019312660670197802,0.006219785554939403,0.0062676571007201495,0.00625394961468711,0.11800416306215188,0.11796659908634845,0.019363768642357133,0.004710136667091506,0.006276250443310859,0.11798951012696085,0.006228169586906552,0.11799890041860607,0.11803477877303388,0.11797711176324707,0.1179436920737957,0.006295072072772856,0.006224899698374466,0.006236762929491156,0.006214462100873513,0.11798537578869298,0.006248835471258152,0.006600378777012263,0.006245356272089133,0.006235127985238486,0.11801242519327097,0.006226534642640509,0.013131544369718232,0.11802952342528307,0.004410539920805655,0.11797241457221315,0.0062093479574445555,0.011863118286631568,0.013063387768880943,0.1180300830297035,7146
0.07499926666308164,0.05796010783289334,0.05709260724147051,0.10224443750150676,0.05709632081054298,0.012389810329458564,0.06363756976218947,0.025186843030137632,0.05711034052348996,0.05706642460010845,0.0571108516340888,0.05707250606430603,0.057076730743988606,0.019109382512266997,0.06360213984196662,0.05710425905928111,0.015804844980731248,0.05711270841862071,0.05706034313590524,0.057074362848857856,0.06363292809792383,0.06356206825749731,0.015832204575903924,0.010354177900719437,0.057052404887167105,0.06359328236192371,0.05709817759508353,0.0636109973220287,0.06364263727490513,0.06360592980929386,0.0635308541530646,0.05703230371000262,0.0571066269544175,0.057090239346345405,0.05711219730803052,0.06359749817770727,0.05708044431305544,0.01972840591634479,0.057082301097595996,0.057094464026011066,0.06362449646633095,0.057102402274754833,0.03320234027896162,0.06362070649900371,0.013720099358984703,0.06359707232925095,0.05711827877224238,0.018838070495674982,0.062178782554825625,0.06363377979484934,7146
0.025461392342135594,0.0054776394874871855,0.0812723647219071,0.013352158352714898,0.08127303546284384,0.0010523444524021721,0.1415614809897134,0.012938564155938968,0.0812588973043098,0.08130097640943575,0.08125065442843041,0.08129373964494335,0.08128616750997524,0.0021149158774004828,0.14152367469791546,0.08126613406880707,0.0041426347355759206,0.08125098979888605,0.08130821317393794,0.08129407501539898,0.14155821558638235,0.1414826024640539,0.004171320622327646,0.0034545330909466474,0.0813151145679644,0.1415142233134269,0.08127337083329947,0.1415331261578089,0.14156182995426986,0.1415327820683262,0.1414509816155426,0.08133648949100065,0.08125822656338334,0.08128027222732595,0.08125923267477571,0.14152040842225233,0.08128683825090169,0.006353436503306825,0.08128717362136761,0.08127270009237791,0.1415458441636496,0.08126579869834655,0.0049542910693676,0.14153674611210074,0.0018282719878418175,0.14152332987886262,0.08125199591026813,0.002886992910310186,0.0016929912666137574,0.14155237899802592,7146
0.016292380328431014,0.09773136906848036,0.34954755702374485,0.053096193837220536,0.3495568672700694,0.04154135486916901,0.15016053370931914,0.06797895382584314,0.34954351325087246,0.34957892018527076,0.3495205433102401,0.3495699156141078,0.34955625591976514,0.1155781884331452,0.15020045215769884,0.3495525178220513,0.018876705220984783,0.34952519843338803,0.3495879247564368,0.3495745707372527,0.1501611719431491,0.1502410088399076,0.0188251135454715,0.049703223530513006,0.34959227420445177,0.15021043176979043,0.34956152239321736,0.15019047254560014,0.1501685986199156,0.15018240763500457,0.1502715859100318,0.34961463279481475,0.34953420300455407,0.34956587184121957,0.34954816837403635,0.15020109039152788,0.3495655661660897,0.025233884073631918,0.34957022128923765,0.3495522121469087,0.15017985469967948,0.3495478626988906,0.014268566613880788,0.15019789922237375,0.09852533716316682,0.1501923872470962,0.3495391638028575,0.11477480530730073,0.10751644432364836,0.1501785782320134,7146
0.018641146480851124,0.0038639254651131735,0.24297765657577267,0.02264133766137335,0.24298710605835722,0.007598664356314167,0.09523010710904917,0.016439309596217148,0.24297377651148538,0.24300904041080898,0.24295057514354063,0.2430000132667347,0.24298626138135868,0.01721795864787151,0.09519458650575269,0.2429828036555627,0.06098904901700974,0.2429552998848265,0.24301806755488634,0.24300473800800163,0.09522551023754453,0.09515446915411388,0.06102658437106903,0.013249818866689356,0.2430223699576778,0.09518570691023887,0.24299183079964007,0.09520346632345783,0.09523502349451712,0.09519855566131384,0.09512323165242297,0.243044726648627,0.24296432702890386,0.24299613320243152,0.24297850125277123,0.09518998791890329,0.24299571086394017,0.010973744386601921,0.243000435605223,0.24298238131707137,0.0952169449205347,0.24297807891427683,0.0020135483392632676,0.0952129891348922,0.0002826835490873262,0.09518967433498728,0.2429694741086939,0.01676734027804509,8.777325131710751e-05,0.09522614451924793,8179
0.028230061990717772,4.221498433765509e-05,0.11073515375395798,0.03801047487206641,0.11074172476530847,0.003560609420630042,0.0,0.005491812087096927,0.11072796956802217,0.11076594965420397,0.11070959269952033,0.1107574293027381,0.11074562344558302,0.002198517296303965,9.999999988963282e-06,0.11073648991950015,0.0172093319672354,0.11071287820518999,0.11077447000569779,0.11076071480839937,0.0,0.0,0.01715771129646515,0.0027553446360303055,0.11077970485150239,1.0000000003174137e-05,0.11074501027096602,0.0,1.0186496253380662e-05,0.0,6.311497686420505e-06,0.1108019804002825,0.1107213985566717,0.11075024511678645,0.11073125507369555,0.0,0.1107521944569335,0.00996518941114846,0.11075547996259105,0.11073843925963509,5.644325211424748e-06,0.11073320441382677,0.0027984387511072366,0.0,0.0009000000000014552,0.0,0.11072273472220173,0.0020885608607375305,0.006543694070020262,9.701425032105791e-07,8179
0.025599515620415986,0.0022426992665097803,0.06817352455647704,0.021533752575894877,0.06817099579792164,0.00782999999999845,0.0,0.01318570632412903,0.06818508129915747,0.06814408917473315,0.06819654937723003,0.06815176411497172,0.0681607034345089,0.002108531739849158,0.0,0.06817740635890344,0.0022211506156984617,0.06819528499796235,0.06813641423446821,0.06815049973571949,0.0,2.1805570737051794e-06,0.0021833180233013145,0.013075661341324995,0.06813000367349732,0.0,0.06816973141865396,0.0,0.0,0.0,3.453863132086039e-06,0.06810824323199656,0.06818761005771287,0.06816332085767217,0.06818381691988978,2.4806946908089358e-06,0.06815817467595807,0.010030000000000427,0.06815691029669037,0.0681722601771939,0.0,0.06817867073817568,0.014381715060351939,0.0,0.005591003040227171,0.0,0.06819149186014382,0.002060000000000173,0.005600223209841231,0.0,8179
0.02533186136074015,0.0022528228044447693,0.02789171853518398,0.027289301933176514,0.02789391283450604,0.01069710947932472,7.314897730071829e-07,0.005318063557354062,0.027908012347353465,0.027864616659151308,0.027911222079957596,0.027871117840735832,0.027876521872667426,0.013355415613649816,0.0,0.02790151116576354,0.00573545115923714,0.02791231922963057,0.02785811547755214,0.027872214990404962,0.0,0.0,0.005786302791940046,0.002438748830175629,0.027850517146298482,0.0,0.02789500998417901,0.0,0.0,1.8505830260814134e-06,0.0,0.027829916451846497,0.027905818048031404,0.027887411652916114,0.027909109497017196,0.0,0.02787871617198949,0.01739084816793423,0.02787981332166246,0.027892815684842313,0.0,0.027900414016099807,0.016755008046661198,3.721042039738683e-06,0.0018747174802297253,0.0,0.027915610678616358,0.014144989988484806,1.0000000003174137e-05,0.0,8179
0.10424692833342236,0.024487221141873038,0.0,0.034622303030269114,0.0,0.09231525257369572,0.0,0.05868759508476116,0.0,0.0,4.9751859483870395e-06,0.0,0.0,0.04579575024226073,0.0,0.0,0.03588517799872757,0.0,0.0,0.0,5.275516812588668e-06,0.0,0.03585867398552822,0.08802192632045722,0.0,0.0,0.0,0.0,0.0,0.0,0.0,2.044842035244761e-06,0.0,0.0,0.0,0.0,0.0,0.08724666010799713,0.0,0.0,9.999999988963282e-06,2.7385047721071845e-06,0.0986152001468379,0.0,0.0694092113321983,0.0,1.0000000003174137e-05,0.04635035267825811,0.014662735358156967,0.0,8179
0.011241287932841994,0.0043969840308389005,0.0,0.017577998749703796,0.0,0.031261081028360824,0.1035032536195122,0.005404922134456068,0.0,0.0,0.0,0.0,0.0,0.02828606391748182,0.10347845477932127,0.0,0.021658190136760343,0.0,0.0,0.0,0.10349540737229791,0.10344580969191167,0.021672990102893797,0.02254280728760564,0.0,0.10347225506926964,0.0,0.10348465448937288,0.10352059265110337,0.10346731545778169,0.10341936431454254,0.0,0.0,0.0,6.800204064489128e-07,0.103470608532107,0.0,0.02761417001872306,0.0,0.0,0.10349870044661881,0.0,0.013297112609129953,0.10350983976816279,0.020083693468059667,0.10346111574773008,1.5339299749118627e-06,0.0276208837776506,0.0011827911159131162,0.10351439294104736,8179
0.024902805062884295,0.008113744461000928,0.0,0.018183671395713058,0.0,0.04015028393423342,0.2029108154833961,0.034811736526636806,0.0,0.0,0.0,0.0,1.871348589238427e-06,0.003993829791986446,0.20287932021617439,0.0,0.08559757590024619,0.0,0.0,0.0,0.2029046508253441,0.2028416602909062,0.08565109047758031,0.032342271101453116,7.764104093481934e-07,0.20287144639937452,0.0,0.2028871940329798,0.2029214356407555,0.20287657387562041,0.20281187418243787,2.783521018947587e-06,0.0,0.0,0.0,0.20287315555812235,0.0,0.04405653753984899,0.0,0.0,0.20290123250783168,0.0,0.03193960081152989,0.20290397884839995,0.015884036275030412,0.202868700058815,0.0,0.004695226319068245,0.0024427385438248747,0.20291356182394443,8179
0.01772649993653285,0.001131176048140907,0.11765487538664979,3.570985175680994e-05,0.11767487571297555,0.0019919162402350383,0.09079013162232744,0.005499904902809023,0.11768487554980392,0.11764487587614529,0.1176548748971498,0.11764487571297626,0.117634875386655,0.013668474472302622,0.09075164351128746,0.11768487571297295,0.04427179915024619,0.11766487506030912,0.11764487603931433,0.1176548758761498,0.09078740936935795,0.09071043214537075,0.04432550620128147,0.0053586789958664765,0.11763487603931692,0.0907420216878624,0.11768487587614199,0.09076126541647796,0.09078868321547567,0.09076272197328152,0.09067884262604664,0.11762487636565049,0.11766487522347815,0.11767487587614459,0.11769487571297746,0.09074892010376567,0.11765487571298076,0.009303859414248593,0.11766487587614008,0.11766487554980912,0.09077361125348668,0.11767487554981362,1.9999999999242846e-05,0.09076254734195008,0.0029720725700792447,0.09075309912063548,0.11769487554980843,0.013543411360112365,0.00849580840972789,0.09077906201321669,8717
0.023251946155107613,0.004034959727184576,0.0750255273866363,0.003330060059523826,0.07502659585652682,0.0021978812270967464,0.2099831917082926,0.024826727533036504,0.0750124638151614,0.07505432570429756,0.07500352797219535,0.07504699256615728,0.07503912519306169,0.036480138431753045,0.20994693805817258,0.07501979695331693,0.011770948711739209,0.07500406220713057,0.07506165884245311,0.07504752680108767,0.20997896680382303,0.20990645940514113,0.011801033750074592,0.009245600198053297,0.07506845774565818,0.20993787485826287,0.07502713009145721,0.20995600134314654,0.20998680577598736,0.20995239007927527,0.20987504401429122,0.07508992292517916,0.07501139534527569,0.07503392899466711,0.07501299805010143,0.2099427124241315,0.07504019366294738,0.012321909266427093,0.0750407278978826,0.07502606162158677,0.20996929037361606,0.07501926271837128,0.0023791805311870764,0.20996384450662425,0.05635761882833855,0.2099433261620899,0.07500566491195632,0.03681692138134406,0.00010401813962616503,0.2099777428681455,8717
0.041643614156307907,0.004198630729173559,0.0717603466374554,5.1633347626683744e-05,0.07177692865109712,0.006832339841581629,0.14439000000000135,0.014100725573449067,0.07178838549210184,0.07174572396225867,0.07176509538872249,0.0717473068793523,0.07174059878962168,0.01416999999999291,0.14439000000000135,0.07178680257501048,0.006525767335053222,0.07177338639554447,0.07174414104517432,0.07175559788617905,0.14437999999999818,0.14437999999999818,0.0065544413207154545,0.0007471059384071223,0.07173426712126098,0.14439000000000135,0.07178521965792613,0.14439000000000135,0.14441999999999666,0.14435999999999183,0.144369999999995,0.07172122736315788,0.0717718034784531,0.07177534573401277,0.07179667649893084,0.14437999999999818,0.07175718080327041,0.00875053965263972,0.07176547181009241,0.07176863764426812,0.14439999999999031,0.07177851156818849,0.020339611994392912,0.14442999999999984,0.00935000000001196,0.14435999999999183,0.07179825941602222,0.01340999999999326,0.0011630422861075274,0.14441999999999666,8717
0.003093173339288214,6.658726059816772e-05,0.2860082587968435,0.00011658516047806292,0.28603360868961797,0.006181464227831524,0.002693370856335743,0.016124073696302657,0.2860273366306148,0.28603348003336787,0.28597983740117894,0.28602400598552047,0.2860018575114545,0.001993037882235368,0.0027120951392457134,0.2860368102185535,0.035068675481119874,0.2859925124893972,0.28604295411703606,0.28603668051492914,0.002684534138795206,0.002721982704590032,0.035119113029804916,0.0008739663327606837,0.28603975405527376,0.0027167762099589857,0.28604628384231595,0.002707414068516558,0.002724562079679857,0.002676222845159886,0.002727189199233636,0.2860555030059802,0.286001986181914,0.2860430824194137,0.2860400120612593,0.002703258421692619,0.28602720657309094,0.006610000000002003,0.28603988131027974,0.28602093367444836,0.002711569715315381,0.28602413499563945,0.013918939830965095,0.002747442009401209,0.007961532515801856,0.0026809039158857155,0.28603053857936855,0.0027565477961142702,0.0009788274211257333,0.0027292431504056867,8717
0.024722516179992566,0.0028979475495550058,0.001628817830199618,0.0019436306233392335,0.0016159867147239474,0.007430168234972225,0.11017488007708143,0.03844190421921775,0.0016033835159680685,0.0016476086699735405,0.0016195363686701924,0.0016445148494712756,0.0016478365866933323,0.010784508990526555,0.11013817957456706,0.0016064773364858835,0.05374127836215811,0.0016131208109370777,0.0016507024904869588,0.0016380992917243231,0.11017885686464328,0.11010546080917225,0.053790639520264395,0.013608093180157996,0.0016602118687290954,0.11012900480799949,0.0016095711569881484,0.11014735448480013,0.1101537779651723,0.11016846418099992,0.11008192085896736,0.0016759088880007528,0.0016162146314437392,0.001619080535230609,0.0015969679582302331,0.11014215768723552,0.0016350054712153013,0.009250135134147703,0.0016285899134818626,0.0016224022724685395,0.11015255285285218,0.0016128928942149255,0.013933033216201618,0.1101222747676405,0.005340000000003897,0.11015929012117433,0.001593874137718851,0.009983597547423723,0.0002568731715356568,0.11014460177421241,8717
0.006852590790128288,0.027895528315483448,0.1130658176452215,0.0024499999999960664,0.11306303296513653,0.055430543965785575,0.26442661080156665,0.09399064300789133,0.11304895953665889,0.11309257216214057,0.11304679601255938,0.11308623161791985,0.11308128341373888,0.0694250365502245,0.2643912110869117,0.1130553000808851,0.0738429074078748,0.11304540367251414,0.11309891270636127,0.11308483927787462,0.2644219552155275,0.2643511558514618,0.07384001096967586,0.06397586614233358,0.11310664559061821,0.26438236136324555,0.11306164062510031,0.2644000608925902,0.26443172975269796,0.2643949439758658,0.26431995043886103,0.11312705956332557,0.11305174421673485,0.11306937350935176,0.11304756719661366,0.26438655487751855,0.11307849873365941,0.0458867243543184,0.11307710639361769,0.11306442530518176,0.2644135669741643,0.11305669242091582,0.03159128354670817,0.2644098388865353,0.07846436770917393,0.26438609362068016,0.11304122665239295,0.0692089192228905,0.02834490783192619,0.26442288025056077,8717
0.0020810992027263573,0.00415144553137835,0.12337029286397103,8.959925553686385e-05,0.12339029288130751,0.007507063340608354,0.0739230289624798,0.045408397901709016,0.12340029287263497,0.12336029288998082,0.12337029283795806,0.1233602928813051,0.12335029286397178,0.020218935806753897,0.07389945549475048,0.1234002928813036,0.06787812607902083,0.12338029284662275,0.12336029289864944,0.123370292889984,0.07393110783779333,0.07388396090232736,0.06792575137603939,0.013360452836640963,0.12335029289865337,0.07389356212782493,0.12340029288997932,0.07390534886169169,0.07389289896964814,0.07393547885453902,0.07387435967682562,0.12334029291599455,0.12338029285529137,0.12339029288998324,0.12341029288130677,0.0739075343700567,0.12337029288130827,0.015974470257259534,0.12338029288998008,0.12338029287263572,0.07390316335332667,0.12339029287263889,0.01456390400956112,0.07386713999352663,0.0033140226675454827,0.07392958548761348,0.12341029287263815,0.01945748502566735,1.8210058153254292e-06,0.07388700560270692,8717
